Track_Title,Artist,Track_ID
Jalsaghar - Adrishyo Nagordolar Trip,Anupam Roy,02LJdBgyfq01WtSX05OJkc
Noishobdo,Bangla Five,036Q1Xb7IMzavuIjbSU2aX
Janina,Sovvota,04K08nBMizx2UQeZ4hDUQp
Ekhane Poth Amar,Sovvota,06f2IXt2LBVrQzfFBtRw21
Na Bola Phul,Meghdol,06k6GyUDtvIgLb4YQftb9G
Maa Dake Khoka,Chandrabindoo,06zGGUSIzFlKhtIBaTnOOO
Jodi Bolo Hya,Chandrabindoo,072krlEvVII8yldKfs2cgy
Jodi Bhabo Pabe,Chandrabindoo,07IzbmNu8DAjukHhTNOeaJ
Jodi Bhabo Pabe,Chandrabindoo,07IzbmNu8DAjukHhTNOeaJ
Bhondo,Oblique,07qgJazJQyknsbmuJZDL6N
Shesh Prohor,Balam,082QypyxxyoVU0rRSo4Nkm
Bondhurey,Muza,08IgjdJ0rCy1pAm2N5VLSZ
Utshorgo,Aftermath,0a2cxKc5iJJZ8qFEPYg2yr
Rokto,Bangla Five,0A8EYRX6C8yP2pvexZbgAu
Atit Mone Porey Kromosho,Balam,0aGklYNgdWiQfeNxoqN1Sc
Deshlai Baksho,Anupam Roy,0ajS0KCtUyW7iWf6ozjaiy
Gaibona,Bassbaba Sumon,0apG1ss6Igy8IJb7ieltBc
Gaibona,Bassbaba Sumon,0apG1ss6Igy8IJb7ieltBc
Shobar Jonne Tumi,Bassbaba Sumon,0ATIgtOb90L93EpbGclKm4
Dana Vanga Pakhi’r Gaan,JOler gaan,0b2xtRnzcYer5OVu9umziP
Amra Dujon - Female Vocals,Mousumi Banerjee,0BIriQWxqMnoefhBTpkcBJ
Emon Manob Samaj,Sahana Bajpaie,0bkj0REm4WGy8TkgNjuEuJ
Toker Jatna Nin,Chandrabindoo,0bnJj8XCrrMmGYzqyKBuYX
Vobe Chawa Pawar Sesh Nai,Baul Ranjan Das,0CfigYkxJEH5LXWdiU6ITl
Bakyobageesh,Anupam Roy,0cwtTFBFSbESTfQBliEOnQ
Tomaye Dilam,Mohiner Ghoraguli,0DcQwii7VM7mmxuwkmZLgB
Jokhon Porbena More,Srikanta Acharya,0dx9jOghKQHtowZhEO23rF
Kon Puraton Praner Taney,Sahana Bajpaie,0e6aAn3W3nigxZZD9ckx17
Shrotoshinni,Encore,0fLJBwZIGP33RP4nLyqKrY
Srotoshinni,Encore,0fLJBwZIGP33RP4nLyqKrY
E Nachi,Mousumi Banerjee,0fVxrUWs2jFkXyIxMtVRSb
Bujhe na bujhe,AvoidRafa,0FWmRjraRmR6KiERSM2780
Alga korogo Khopar Badhon,Agniveena,0G8Yq3aX2811LD6styZf63
Tumi Hina,Fuad,0GbtvhytbMRPInl4A0atuo
Basanta Ronge Ronge Khelchhe Holi,Soumitra Chatterjee,0GDLFsFUeTjd091alQs9wn
Jodi Hay Jibonpuron,Srikanta Acharya,0hfoBhgN6QXpsKUuDDXRQU
Aaj Baroi Aka,Piyali Mukherjee,0HrhSg6tPhofqyX503Fk0K
Baro Bedonar Moto,Srikanta Acharya,0hWmvls0Ij467ywZiCwoWa
Ami Hethay Thaki,Srikanta Acharya,0hXWb6fgywCPEmIPdSPya5
Khoma Kore Dio Amay,Baul Ranjan Das,0I7iU9ED0367YvCl2xmCeO
Moharaj,Balam,0iAkSPCliJozniBFIq5qZO
Shada Shada Kala Kala,Hawa,0JAljqHEMRLHSC1uvvx10M
Tomar Asime Pranmon Loye,Srikanta Acharya,0JfXbTgTA4TfDtO8ez6lyZ
Cyclone,Balam,0jV4SVAHhbqBVmQSweofRm
Morunama,HIGHWAY,0K26BTSI3Cnd6nTZfqbWPD
Nei Proyojon,Xefer,0KBCGmjzcN61CnU7mhmOfI
Je Kawta Din,Anupam Roy,0KpiiWS4yj7V4xkVDfYU7o
Jokhon Nirobe Dure,Atanu Mitra,0kub3N8x0FsNXSqs2Sck94
Biprotip,Artcell,0kUD0WErxFfyM1VLgpWuIo
Dure Thaka Megh,JOler gaan,0kzxBukm6x4Hh0zaas3gqa
Sheishob Din Raatri,Karnival,0lrXNv7c4pZ44KJjtyXlDb
Aaji Jhorer Raate Tomar,Sahana Bajpaie,0MhbhdrC9e5dKioOrGO5Jn
Keno Maro Pichkari Natobar Shyam,Soumitra Chatterjee,0mhhSvusB7mddRX4VJQVap
Meye,Ayub Bachchu,0mncMDi5ID5KTbeeBPBvzI
Chaini Duto Bondh Aka Hoye Thak,Piyali Mukherjee,0mNzNpRtipNMygFTR7irCo
Matir Roud,Aftermath,0MqjGExHFk9yuVRBOYxTIo
Matir Roud,Aftermath,0MqjGExHFk9yuVRBOYxTIo
Moner Guprochar,Anupam Roy,0mueeuRzt2ghi3g6pYIHBu
Debi,Jadukor,0mWXRsUlFCKtF984thoely
Pitha-Pulir Gaan,JOler gaan,0mXaV8gAlrYz0sdCBFrVzu
Urey Jachhe,Chandrabindoo,0N0RWkMtfHID2xDAWiGb8l
Shey Amare,Ashes,0nkJfYDa3wb28oWuR29Qi3
Ananda Sen,Chandrabindoo,0oVgj0GAlqH5XLTHLwMi5J
Ami Amar Moto,Pritom Hasan,0QLygGdCyPEfyTCS891hRc
Deyale Deyale,Tanveer Evan,0QNhOB9anqkbURUg3qGScb
Tomar Chaya,Shitom Ahmed,0qUZbOiotX0FaS6LxELAYR
Godhulir Opare,Shunno,0RA0vnBIXFtoC83Za1Cfoh
Godhulir Opare,Shunno,0RA0vnBIXFtoC83Za1Cfoh
Hyenar Ottohashi,Bassbaba Sumon,0RMSeH87lech7x6uv524VP
Jakhan Samay Thamke Danray,Nachiketa Chakraborty,0roRmHwYIQusKY4LJXTRuf
Ghawrkuno Ghash,Anupam Roy,0RUpKMdhmQp7c0Z2mbKARk
Gabhir Rajani,Srikanta Acharya,0RZ9fpi4cxKLMwm1EZCttm
Chaad Tara,Miles,0rzvfInnZFHQpgC38l3vCw
Shopner Daar,Bassbaba Sumon,0S1zh5BzxE1dj4DqmNhGyt
Chera Ghuri,Shitom Ahmed,0SK2Zeeh2tS4foFsflgYU9
Bala Nacho to Dekhi,Iman Chakraborty,0skU8tSfMNo8u2QfZ4dVFQ
Kichchu Chaini Ami,Anirban Bhattacharya,0sMiIBRXtRqCGwTfCWvMSI
Tomari Porosh,Porshi,0SndyNsDHBfkMGTnzLohgs
Mayabee,Blue Touch,0sNM2ixLSvQyt1UvIyzej5
Eso Eso Phire Eso,Sreeradha Bandyopadhyay,0T27w9wafPryWtb8Dnn54Z
Prem tumi,Tahsan,0TE6ZWepMX17UKckl1eB84
Sukumar Roy,Nachiketa Chakraborty,0tONVm46vMghs8PsS4uorg
Sonar Moyna Pakhi,Arnob,0u6jP2rArTxauVvjCx5R8p
Amar Sakol Dukher,Srikanta Acharya,0urbysAGoNzMjXPn97nZsi
Boba Tunnel,Anupam Roy,0UXswv8EK5264CWxS0tLNF
Kabita Prarthona O Protigga,Bassbaba Sumon,0v1eOYWwJPe1pAnkqjnTW8
Bobby Roy,Nachiketa Chakraborty,0V3jFx4sC3S5PfjbLsoEPm
Tarar Moto,Anupam Roy,0vHe7utIY3Pc5ZBaj0zw22
Ki Gabo Aami Ki Shonabo,Sahana Bajpaie,0vNPCCgb4USoPak8x96FIq
Mone Koro,Bassbaba Sumon,0vZ1TIGX0nw3kEtcmBDEcL
Ponkhiraaj,JOler gaan,0xMbvRQsb69Uu6ar3KpWV4
Dhaka Shohor Aisha Amar,Chanchal Chowdhury,0yaupNe4BLn4vwAMXMuZjt
Shobar Jonne Tumi ?,Bassbaba Sumon,0yKJiWSfcyl0uvqeF74MDM
Opekkha,Vikings,0YMbrZvSCvoZ8KLlvqgoE2
Onneshon,Bassbaba Sumon,0YrMAGdDbJpkzDL0n9V4DY
Darjeelinger Rastay,Nachiketa Chakraborty,0ZFBzMqw98P0XGT3rGtDzW
Bangalira Ar Koto Dekhabey,Balam,0ZhmpGwB5qPUFnaRPZs7Jt
Tumi Ki Dekhecho Kobhu,Abdul Jabbar,0zLn7upQiZJcX6TZj6O3Xa
Keno Dure Thako,Hemant Kumar,0zo0FvskoJrpeCg2GEV6aq
Bishonno Shundor,Popeye Bangladesh,10aPVBagHNw3J0nJK3IIZG
Age Jodi Jantam,Momtaz,10DOfOhSg0of59sJIVsZbz
Prematal,Tahsan,119bobnT9soQaFzHneLqSi
Phooler Mato Kamal Tumi,Nachiketa Chakraborty,11R5cJKDjsMWxEWpP3T6ek
Tarpor Football,Suvajit Ray,11Sq337s0TLbqEvkiQGYQS
O Moushumi,The Attempted Band,128jmx5espAG9o9qWkJ1Sm
Dokkhinnama,HIGHWAY,12tRorl15Dc7IEFDPcTzEs
Phanka Naki,Chandrabindoo,134mzooLWPzI5nyySEb8EQ
1996,Indalo,13jmbPV8jLenzP0lz2o6Di
Hoytoba Bhalobasha,Bassbaba Sumon,13v2SAma01l3TQ9nqLzVHd
Bhober Pagol,Nigar Sumi,13zHSdOzcrnu2KIpS29Bcl
Hridoyer Rong,Anupam Roy,14nCmHYgynAWAvOrB1vvOI
Kisher Eto Tara,Mohiner Ghoraguli,167N9GRjLm406oKVSKe2VS
Behula,Shunno,18KPyTq6Al56l0vMPQFjR1
Behula,Shunno,18KPyTq6Al56l0vMPQFjR1
Amar Praner Pore,Srikanta Acharya,18qbxXGX2cEhxZaE7jqwSK
Ghum,Odd Signature,18xxOCfmxqBD5YgTFpzp5d
Ghum,Odd Signature,18xxOCfmxqBD5YgTFpzp5d
Bari Kothay,Sahana Bajpaie,19fw2G5ZoXxRNCv8LgIv0g
Dudh Na Khele,Chandrabindoo,19PzVPlRvBK2JWo5OHoCe7
Tomar Jonno,Bassbaba Sumon,1ADaem1JGBaXNIpVmc3map
Seven,Balam,1aMkkYUElRH1yanSLDuS8u
Doyaboti Darodini Maa,Baul Ranjan Das,1ap3f5YiAD5GHLE7gyQCtg
Karone Okarone,Minar Rahman,1b5kTQqBybGOwzqDPZwfBi
Nine,Balam,1BGsQU6n08BhDG0mAGH7BF
Ki Name Dakbo Tomay,Sudeshna Ganguly,1bvbl5WKnnZclG4PyanRJN
Purono Guitar,Anjan Dutt,1CDDxKNMjPZkwCfLdUp8jt
Proticchobi,Bagdhara,1cO5oG1LoTyimmlKT30pS2
O sonia,Baba Nyza,1cPdAQPUi7s8uaSW7hNfEo
Rajashree,Nachiketa Chakraborty,1dBlRXQ1YfaAIOwuKRr0sw
Hariye Giyechi,Arnob,1dDYCWz8ciB7c6nDqL7Snk
Ratri Jaga,Stoic Bliss,1dwdZUoQnobt8Jv7ySCOxf
Bukur Apon,Madhusmita Bhattacharya,1EJHfKCIBcFwRzNZhm98SH
Baula Batash-2,JOler gaan,1EOcCBjEqOFzugcX4kCZxN
Amra Dujon - Male Vocals,Mousumi Banerjee,1EPyQ05VCREETiTwf5hgvL
Shetai Satyi,Anupam Roy,1eV25mm3qqKIL1JPs1cfg8
Tumi Akasher Buke,Khalid,1EzXsx0AiBA0PaVVAll5vb
Jete Jete Ekla Pothe,Srikanta Acharya,1fDxwaGUvDqeoAYbtej4CF
Tomar Jonno,Bassbaba Sumon,1fjZVGZ7fImt6Dudkqxyxk
Biswa Jakhon Nidramagon,Srikanta Acharya,1gHqaV2cMoydJwjdPc7juE
Amar Nishitho Rater Badol Dhara,Sahana Bajpaie,1Ghw344t8NR0Rtiudrmx9w
Ekaki Ashor,JOler gaan,1glVBRhOA2Ca15PC9IUx4f
Chirosokha He,Anupam Roy,1gM53Dox4chQ3t8XfoQclM
Eto Din Je Boshe Chhilem,Sahana Bajpaie,1gY6MdgQT49MYc12lohzFE
Matir Deho,Baul Ranjan Das,1hfet0kIMCQGACKhEkYG4W
Mor Bhabonare,Sahan Bajpaie,1hWpJHpJqr4KTsWtx9dYYO
Mor Bhabonare,Sahana Bajpaie,1hWpJHpJqr4KTsWtx9dYYO
Tomake Bhebe Lekha,Fuad,1iWy6ufKpcqfT6fqN2y5gV
Tinta Bandar,Nachiketa Chakraborty,1jH1uBH8zra5zOyvixOpqp
O Je Mane Na Mana,Sahana Bajpaie,1Jjbb2pmyC7EK4SekN8FhP
Shwapno Tumi Nou,Balam,1Jkmm50vbWr5X0TONaQWHW
Ektu Dekha,Sudeshna Ganguly,1jY8lsTf6B0kIoTSbhNwFM
Keu Kotha Rakheni,Minar Rahman,1jyQY7DuafbHA5ngNrbeZZ
Ekbar Bol,Anupam Roy,1KPEJ5UxJmElMMiM2SsIpx
Eso Eso Phire Eso,Srikanta Acharya,1lhtT4PtBrbR1KhB0jNZrl
Hashimukh,Shironamhin,1liH2HXYbcQHpYlNBF0xjt
Neelajana,Encore,1lIPZOelxV3RAIXAu9Rxkb
Maatir Rawng,Anupam Roy,1lSs7OoQZKnn1CK6F4Sq9K
Eleven,Balam,1MFJShYP6cwVA6cXo69Yzj
Jakhan Samay Thamke Danray,Nachiketa Chakraborty,1mg3VFyCr4jGOe1yOUjanV
Pagla Sanai,Nachiketa Chakraborty,1nJvvne2vAfZGqkNuGofb1
Anchale Dheko Na Mukhkhani,Soumitra Chatterjee,1OAwq5TozPKe4PZ0ftkoLd
Dha Dha Dhin Dhin,Sudeshna Ganguly,1Ofm3ufFw1xmbF9WT2CWjR
Anirban (Introduction),Nachiketa Chakraborty,1ox5AhZydGXmyJO2oIUPWC
Adbhut Mugdhata,Anupam Roy,1p0W9kc26NLmeUFVt716HD
She Je Boshe Ache,Arnob,1plGVutDPyCsKPcEmb87tM
Amar Khela Jokhon,Srikanta Acharya,1pSVREwpjgOy55VXap5DFO
Chorabali,Shitom Ahmed,1Puu0eGXL62OMqBOD6Sd3Q
Aar Nai Keu,JOler gaan,1PYzIpJbOvGNZJkyQEzJ7c
Dheem tana,Kona,1qOopv3TCFqiCbCdrAMJ5L
Rupkotha,Warfaze,1RESTN39VEH6lAq8H1D2Ud
Rupkotha,Warfaze,1RESTN39VEH6lAq8H1D2Ud
Chaalse,Nachiketa Chakraborty,1RJ10nkNiTGFqrXqgf5KQC
Ei Pagol !,JOler gaan,1rTYoN15PSeOBhzriIy17U
Aushomapto,Aurthohin,1S10omnF4NT8QhcLNSxRse
Deyale Deyale,Minar Rahman,1s1zMx8Co5neO8gmd67EDL
Deyale Deyale,Minar Rahman,1s1zMx8Co5neO8gmd67EDL
Close Up,Suvajit Ray,1s5MdiMbEEmOFKSSvT9Xbh
Neshar Bojha,Popeye Bangladesh,1stU529KMabUofF9CFm2rn
Neshar bojha,Popeye Bangladesh,1stU529KMabUofF9CFm2rn
Dak Diyechen Doyal Amare,Baul Ranjan Das,1tOOAfs0rCCYNRXLwS0Jd7
Andhojone Deho Alo,Srikanta Acharya,1tR2e0i0ByX68sOWacS0bP
Epitash,Shonar Bangla Circus,1U6tiLQYPT9C3GEhJlAsAQ
Ami Sudhu Khujechi Amay,Taalpatar Shepai,1uMCgg4QPenri9hLgb5a0K
Mouno Mukhor,Chandrabindoo,1VEti0bklxawGzjsKRKV6z
Mouno Mukhor,Chandrabindoo,1VEti0bklxawGzjsKRKV6z
Jacchi Chute Bohu Dure,Shitom Ahmed,1vhj4ZrwmJqmbnqDPF21UL
Phiriye Dewar Gaan,Anupom Roy,1vLEUPkKOBuRU6r1v3MyY4
Phiriye Dewar Gaan,Anupam Roy,1vLEUPkKOBuRU6r1v3MyY4
Tomar Bari Koi Go Nari,Baul Ranjan Das,1vOMhiuiltL8a8YK3HSnFw
O Sojona,Baul Ranjan Das,1VSgu5YSGKzBt1cDtkthFU
Na Pawar Golpo,Encore,1vz2SrkLov7vyaZEtZBJLK
Cofee House,Nachiketa Chakraborty,1WafKX5DhcHIhrjuV4KYys
Banglar Mukh,JOler gaan,1wTZjs21Rb3eKT8zus4JzV
Amar Mawte (Female),Anupam Roy,1x0JkipO1X78OC1OOxpOoM
Ami Achhi,Anupam Roy,1xI5d0Ja5069HnklHewn1C
Jaa Re Jaabi Jodi Jaa,Baul Ranjan Das,1Xy9GxmGPzhNqEiW8M6qi3
Sukai Chachar School,Anjan Dutt,1yGST10lg9IGqC2sy6NUP9
Valobasha Sudhu Abhinoy,Baul Ranjan Das,1YuQLeEPTNApf5SAXH3Luk
Joy Bangla Jitbe Abar Nouka,G. M. Ashraf,1ZAY1B7TwBf93twbWhv3xR
Sukhahin Nishidin,Srikanta Acharya,1ztJaXDEKQUgS2iQfT6e2o
Eka Eka Path Chala,Nachiketa Chakraborty,1ZTu8lSFprUG6CzcufOdLy
Ei Bristhi Bheja Raate,George Lincoln D'Costa,20DQNJ7sBu2VqMnuDYXFOp
Modhurati Jabe Ki Brithai,Soumitra Chatterjee,20nVPtGSyzJA2oQRAq6X8m
Bhrom,Karnival,20tqANKua7Erq6u3yfT8tj
Bhrom,Karnival,20tqANKua7Erq6u3yfT8tj
Geet Gobindo,Chandrabindoo,22X1WF93XonsAWnrKrRYSo
Shudhu Tomar Bani,Srikanta Acharya,2328wH4G5XXTuHowE6jg5r
Roshik Je Jon,JOler gaan,23iZhKHSJ2qBgB04y6RmXi
Shey,Bassbaba Sumon,25A4hAIyE2jjNyrRbA0YmK
Lalon Koy Jaatir Kee Roop,Farida Parveen,25jkmfaICRd23YOy5Ifdon
Manabota,Madhusmita Bhattacharya,26GAI3W06MxGf1ZaLcXQPH
Bondhu,Topu,28tLnFTJOvxnIuTt2MaQMC
Cheena Cheena,Muza,28XqTDMK7TLrIDpXBmxRIm
Tomarei Koriachhi Jiboner Dhrubotara,Sahana Bajpaie,291UqT3HacParn6PfUyjX2
O Amar Ural Ponkhire,Subir Nandi,2a1lEZySsSVTWmuwMnWztp
Chiro Adhora,Miftah Zaman,2a7k7F8c4XJAHnZ03uBVrG
Chiro Adhora,Miftah Zaman,2a7k7F8c4XJAHnZ03uBVrG
Amay Prashna Kare Neel Dhrubatara,Hemant Kumar,2aDcscVnR58djaUrfLsknM
Obak Bhalobasha,Warfaze,2aj4w2bivH9PfIcjToMfYb
Obak Valobasha,Warfaze,2aj4w2bivH9PfIcjToMfYb
Anirban - Nachiketa,Nachiketa Chakraborty,2AU23vunusiBlAlhOflDsA
Ei Srabon,Anupam Roy,2BeAciRWFn1sH6A6d4a4Wv
Aj Pasha Khelbo Re Shyam,Suvajit Ray,2bQugSoYKzzZQsDxkMk3NU
School,Arbovious,2byd1qTm2nPjclxtcsI4jS
Hridoy Jure Sobuj Math,Suvajit Ray,2cB1VtS5P0kBw1bCN6n19J
Koto dur,Adverb Band,2CLhH8TCdA8SFWGj1RvoB6
Betha Dio Na,Shohojia,2D4uSWOE53MFnMHM4JgYak
Where Have All The Flowers Gone,Anjan Dutt,2D5djxGbzArPBd4vevy7W7
Kodom,Blue Jeans,2Dsmn1xssJpbEM4LeRJbhI
Kodom,Blue Jeans,2Dsmn1xssJpbEM4LeRJbhI
Yeh Rishta Pyara,Nachiketa Chakraborty,2EQmg4lDKUZyFTCS6RelOM
Metho Poth,Bassbaba Sumon,2EwAXySfUGSrk38aTAvuRu
Ekhon Onek Raat,Anupom Roy,2FfgDLrH2ryEpQlHQsftlY
Ekhon Onek Raat,Anupam Roy,2FfgDLrH2ryEpQlHQsftlY
Mone Chay,Sudeshna Ganguly,2fO6MfqNLxWu1M5K1kLTOa
Chondo,Sheikh Sadi,2GBV4iTCMtn9cWxFup795r
Kanchanjangha - Adrishyo Nagordolar Trip,Anupam Roy,2GOuHCWomDxL6N3S3mT065
Tomar Awshukh - Adrishyo Nagordolar Trip,Anupam Roy,2gteSnFB2K86pbFO5dfJw0
Toke Moke,Madhusmita Bhattacharya,2h4KzC89htvEyy2Tzozy8G
Ami Mayer Gorve Jonom Niye,Baul Ranjan Das,2HmSUZJVWw5IFrdleLFv47
Bathroom,Chandrabindoo,2hx9oUKrbKQIZ5ymP3IK1T
Sing Sing Sing,Nachiketa Chakraborty,2i1OdUdsMsLjP51MO4Q5mn
Chawl Raastaye,Rupam Islam,2i7iGbjUHf8Kyx407CLwPO
Abar Phire Ele,Anupam Roy,2i8LulJesu7JyB5DuMhlpr
Mone Pawrar Gaan,Anupam Roy,2iiE6UZOFEcQvLvsMglfPU
Bhenge Jay Biswas,Nachiketa Chakraborty,2j3Y8HWZtixUlMfnJ4DV10
Mary Ann (LOFI),Anjan Dutt,2je6TuqDB3LT6L63Eza2m5
Ei To Ami Chai,Anupam Roy,2jIvB0PIjBLSP3rSEUNBfG
Jedin Ami Chole Jabo,Baul Ranjan Das,2jq0OxvyIkTBhmLyRI3wKk
Ebar Ujar Kore,Srikanta Acharya,2kb9abbmivWCT532P9t8J5
Phulchashi’r Gaan,JOler gaan,2kc1QtG6tdjdgfiogbjuFA
Dupurer Khamokhe Kheyal,Chandrabindoo,2KH4RbNOHZ3Ctbzd6rUSD5
Dupurer Khamokhe Kheyal,Chandrabindoo,2KH4RbNOHZ3Ctbzd6rUSD5
Rajahin Rajjo,Shunno,2KKyBaB1weipFn0ztjUIzM
Rajahin Rajjo,Shunno,2KKyBaB1weipFn0ztjUIzM
Tomar Khola Hawa,Sahan Bajpaie,2kyRcNBnLfO3vR4TWAo45P
Tomar Khola Hawa,Sahana Bajpaie,2kyRcNBnLfO3vR4TWAo45P
Sritir Chera Pata,Shunno,2lf0tNLhe0dmThLzW9VABU
Sritir Chera Pata,Shunno,2lf0tNLhe0dmThLzW9VABU
Riskawala,Chandrabindoo,2LQAGNaxWNtKfDcVgDlsxV
Aamar Priyo Caffe,Mohiner Ghoraguli,2LRKv4UN18xMclzhTWotHr
Jao Pakhi,Shreya Ghoshal,2LRxsfoucMkci1Z9ckEDKX
O Je Mane Na Mana,Shunidhi Nayek,2mEppTHVdyx190GXJXiNLM
Baroder Byapar,Anjan Dutt,2MLGhOHRjKQOz2M29OfelX
Ebar Ujar Kore,Sreeradha Bandyopadhyay,2MlnTHL8aqPF2xuUasXgFI
Tomay Kichhu Debo,Sreeradha Bandyopadhyay,2o3g3CydrrZpbpEUO2xBzE
Bohu Dure,Bassbaba Sumon,2o6doPLyOWLQF3kLgGck13
Dur Shopno,Shitom Ahmed,2OIFHXm1y1aqClmgHgws9l
Bhalo Lage Na,Chandrabindoo,2PcBZPj7C2W5uPXBxPXMti
Bichar - Adrishyo Nagordolar Trip,Anupam Roy,2PIQVTvUgxEnD4a9Z2sj4S
One,Balam,2pu2M0gf6wB5meNjoZcLXA
Bibek er Adalot,Bangla Five,2QQWFeDZVWoyVZxf0cVtvc
Nizamuddin Auliya,Alvee,2QsBV3scJ1VpWeSEg090xU
Chhoto Bakso,Anjan Dutt,2r0yf3qqtmpQfQ1VBFmIxW
Jhumka,Muza,2R8e7lqNmsrHJQ7GaDH2SB
Utshorgo,Tasnif Zaman,2rbkPdx8wL5oc7fMUXfkLc
Magic,Sahana Bajpaie,2RkRTqfzNWrpSRlreim26e
Guhamanobir Gaan - Adrishyo Nagordolar Trip,Anupam Roy,2sEomYmRWQwWicZx6O8rxO
Chyapta Golap (LOFI),Anjan Dutt,2sJh46yUrl5o3etxpuT67p
Ghum Bhangania Gaan,JOler gaan,2svhIYdGJG5JNiecG7cGvI
Manush O Mukhosh,JOler gaan,2SW92tB3fwr3riruWb4MVh
Pakhi,Shironamhin,2SWICTq3J8Oz5WbAGu2b66
Mone,Chandrabindoo,2T9QgO4hVPBr3tkD6edMyh
ShadaKalo Rongdhonu,Karnival,2Tag6ENrcwe6Q44LwWCbaE
Ami Tomar Kache Jabo,Minar Rahman,2TjTPJqNoCIHj8NHZfh1tm
Rubina Ruparel,Anjan Dutt,2u7HLGFqaLH5i07cE36KTe
Ektukhani,Minar Rahman,2u9RDEUjxV9FOZmu2vDlwu
Anka Banka Sadakta,Nachiketa Chakraborty,2unqALYep8L7iiWFuy5rZp
Achhe Dukkho Achhe Mrityu,Srikanta Acharya,2uwn2wJmzhMiOwTK0xSCi9
Eka Din,Minar Rahman,2v8IWPuCMHA1oCGkXAVAv5
Chaite Paro 2,Authohin,2VpwAV3gsadE2zV2JpkoWI
Hariye Tomake,Warfaze,2WBD8WJFg7hFYwxZJNDB7Q
Duniya Dot Com,Chandrabindoo,2WNF45I3hxIOZZpv8dofXr
Tumi je Amar,Geeta Dutta,2xcM6PdE6r09kjLPhwEagB
Babu Re,Anupam Roy,2yx0iU4mxZpWo1ZYgPLEOS
Amader Janye,Nachiketa Chakraborty,2zhe8h3a8WQUftCCsnAYN1
Aikom Baikom,Chandrabindoo,30deGlKKN6sEpQO28WFwsI
Jadukor,Pritom Hasan,32juaiNZNVRdjXGMjToht3
Emon Jodi Hoto,JOler gaan,33fR8xB5oOMkxyKhm5UJA7
Feludar Gaan,Nachiketa Chakraborty,359MWQl5ctZiDRGDc9Oc0t
Shob Mitthe Shotto Noy,AvoidRafa,35Ax0Tx494tTcuuNe8wIp2
Amar Shotto,Karnival,35Uzp2ni2zVTRYE2qeNMH9
Amar Shotto,Karnival,35Uzp2ni2zVTRYE2qeNMH9
Amake Aamar Moto Thaakte Dao,Anupom Roy,367ziQUc9DfcL0HU6M3YQU
Amake Amar Moto Thakte dao,Anupam Roy,367ziQUc9DfcL0HU6M3YQU
Amake Aamar Moto Thaakte Dao,Rupam Islam,367ziQUc9DfcL0HU6M3YQU
Ei Guitar,Bassbaba Sumon,36FI44crwzC6znXo1JJRlu
Tomar Jonno - J Mix,Bassbaba Sumon,36PSbSILyNFQMvkWJDz04b
Shei Tumi,Taposh,36QrilHTYyAkjzgHvNRYZV
Amar Ja Achhe,Sreeradha Bandyopadhyay,36tKm5fllieb5FMw5Mnmi5
Ekhono Sei Brindabone,Sahana Bajpaie,37aI5XnVEatR1eFbCUv7wI
Pher Bhut Boshechhe,Chandrabindoo,387e5x1kfQP4mDKFU6WW8G
Eka Beche Thakte Shekho Priyo,Aseer Arman,38Ogl7K3v4sE71SFHjdTUO
Dube  Dube,Tanjib Sarowar,38PiCe8s4uEa1jV5U9ngca
Dube Dube,Tanjib Sarowar,38PiCe8s4uEa1jV5U9ngca
Boshonto Batashe,Sheikh Sadi,39cmIWnU1QQqkLcgj5w9Se
Juju,Chandrabindoo,39MaqF8Nv1DeTBhK539fPs
Bhenge Porona Ebhabe,Pritom Hasan,39tsEIfutuOCaqw9Khlny4
Godhuligagane Meghe,Sreeradha Bandyopadhyay,3af6dkVnTcvAqAembksycD
Beainshab,Pritom Hasan,3AS3hR1e3sybOYDslD9PCh
Hemlock Society Theme,Anupam Roy,3aSjtSqvq5DG9tzfTJVkty
Amar Mawte (Male),Anupam Roy,3aUxLCmTbBYz9iigadQc5O
Abir Kumkume Brindabon Bhume,Soumitra Chatterjee,3B0I49E5ta8W3ZELWAsERL
Kotha Koiyo Na,Emon Chowdhury,3bxDnDUaFP7wk0JVHTelUa
Sajan Bina Ami,Nachiketa Chakraborty,3cn5hNFSXHPuSWqrDkRw9d
Gaan Bhalobeshe Gaan,Chandrabindoo,3DD6uN3t3HO6Cg5wdXihLr
Shottonama,HIGHWAY,3dEvy2ft00XjIKdthXrDdV
Shondhya Namay Rakhi 2,Bangla Five,3drLuNllgIfj5b0zP5wnvq
Amar Haat Bandhibi,Sahana Bajpaie,3DsDg9kuyBTTNw1UT3vNZb
Anker Khata,Anupam Roy,3DtoB4b6uZ2ZY9lHQQmHmc
Poth,Auparthib,3dv85YSG11pKRmuFc5Uq37
Aay Khuku Aay,Hemant Kumar,3DY9TqEtwakLMxUEQuTNaY
Oviman,Tanveer Evan,3eQMtPE521WkGp38jmQXQq
Voboghure Novoshchor,Metrolife,3eVafM912r4yE57hOE9Ssr
Kotha Dilam,Shitom Ahmed,3eVf0oB2gzNBUIrSwt4FJu
Ami Shei Shuto,Tahsan,3fzQqQmRG6EQZ8K28zmtdj
Shunno,JOler gaan,3gCscoHf9QobOWzLFZmZds
Ohona,Subconscious,3GH0XQTz3y2EztDLkC2Hnl
Ohona,Subconscious,3GH0XQTz3y2EztDLkC2Hnl
Tumi jaio Na,Master-D,3ghTff4zcOR6hZOVWaeHtu
Bhalobasha,Piyali Mukherjee,3gHyKLmdVnxbVr6E1838h3
Banbhashi,Chandrabindoo,3gonKLt9Dwb1D4728vqPYT
Anya Premer Gaan,Nachiketa Chakraborty,3GxSZAUhF2L2nMV13hczNB
Bristy Golap,Moruvumi,3GzsVmvgTNhqGtYBhUT1cL
60's Love,Level Five,3h78AziF7cEXfm50J2TNcA
Ghungur,JOler gaan,3Hc79xfPIhCEEGiwu9LVTf
Bujhina Toh Tai,Nusraat Faria,3hCc5F9stzlJUbByMvk7dn
Proshnonama,HIGHWAY,3heIzrwl1yEggfojEUdBht
Half Chocolate (LOFI),Anjan Dutt,3hpC09wjjXPhrC5C2T1IBe
Tumi Kon Pathe Je Ele,Sahana Bajpaie,3hQdme45oiPwWpetjsYNGd
Tor Chokhe,Nachiketa Chakraborty,3HZQrn8Gyey4V0TovCIWrB
Sarkari Karmachari,Nachiketa Chakraborty,3i75gHtFckWeveOIxz8IO6
Shey Amare,Ashes,3iFjGwNdRHb4xv8Pz0Wx9s
Tumi Asbe Bole (LOFI),Anjan Dutt,3iMmYbLp2Ew0mGcsRuiMHq
Miloner Sadh Jage,Baul Ranjan Das,3jLxXbKFL9gvNuszdTgtkx
Modhyobitto Trap - Adrishyo Nagordolar Trip,Anupam Roy,3LshQhdax0NjTSGQf9Bnm6
Bristir Gaan,JOler gaan,3LxT0FT2w5dlSe4BTLzqIM
Tor Raat Jaga,Mousumi Banerjee,3mJod76sx5eulljr7mk4GQ
Etota Valobasi,Recall,3MjtyQvkVOo0TahwcZe10N
Ja Peyechhi Prothom,Sreeradha Bandyopadhyay,3MKAc72zqojVwkGzBvHAMs
Daktar,Nachiketa Chakraborty,3mlhmCGkz5DqVKCZfrc488
Phera Mane,Sudeshna Ganguly,3Ms1jq47HUJBhwNRH0ZNw4
Jakhan Esechile Andhokare,Sahana Bajpaie,3nhQxvDFGrV74MJEcJ5BRo
Guru Kripahi Kebalam,Baul Ranjan Das,3NnEYSUiTmmirHg2GYYcwd
Ta Na Na,Chandrabindoo,3nOMWbajvhi0PnP6YFz3vI
Ranjana Ami Aar Aasbo Na (LOFI),Anjan Dutt,3nuhVA9N1mKkPK3bRk1oBw
Mrhall (LOFI),Anjan Dutt,3O69EfjYU1rG1TbanOkRF2
Rajashree,Nachiketa Chakraborty,3O9SH7jUSnaI9M4rsKYD0b
Behaya Mon II,TAPOSH,3OAqiB6l5FxcdvuYLBBur9
Avash,Avash,3OBSXEoKdsC0lT6RZuozYY
Avash,Avash,3OBSXEoKdsC0lT6RZuozYY
Mone Pore Ruby Roy,Asha Bhosle,3OkmiWTDiJuTIMliMVot9S
Maharaj Eki Saje,Sahana Bajpaie,3oMpKgTB2BLPZUcBGTcixm
Noya Daman,Muza,3OoNnKF47eOijyMND4c2tI
Raat Poshak,Anupam Roy,3Ovau744xKpdTrBWT0U6aS
Runway,Sahana Bajpaie,3oZzDxiBy2IjOnKf8auRDV
Ekti Murgi,Chandrabindoo,3pNi3R2daAV7dl0XTQQxEo
Phnaade Poriya Bawga Knaade Re,Rupam Islam,3Pv5x6voPFw4hEJXoNm4kX
Mrhall,Nachiketa Chakraborty,3QkHJj73qxH0RxpiapsgkA
Shomorpon,Owned,3Rzqc31gdXt3CnlMSuDoXj
Gobhire Jao (Male Version),Anupam Roy,3sjSWNzKpLKncAtZdgwCcc
Roktim Shinghashon,Stoic Bliss,3sVEyV9nK7RrpV3pnXHIpM
Ondho Deyal,Shonar Bangla Circus,3t5RiZ8gNRK41NJucuL3ju
Madhur Rupe Biraj,Srikanta Acharya,3t6BENqJN3hw55vgyGHP8n
Local Bus,Pritom Hasan,3TbhQJHhpTndF5T9rh18Ox
Hey Baby Lets Go Crazy,Nachiketa Chakraborty,3tg8QngjuwFQU8vN7ejZFr
Ogni Kabbo,Artwreck,3tvX2wHfcDlr7rKdoSLCUO
Taray Taray,James,3Ty0K7mafgndKVXhYrDb1x
Tumi Ki Amay Bhalobasho,Nachiketa Chakraborty,3U6dctwIwaEwwfA1rIUzqC
Gobhire Jao (Female Version),Anupam Roy,3u9mHz2FtbF9sg5qDZ0uqq
Noshto Neer,Bassbaba Sumon,3uJJ5yUoH23w85NZtosjJc
Ebhabeo Phire Asha Jaye,Chandrabindoo,3uP7Gakz0OsCEszCSVbLAq
Ebhabeo Phire Asha Jaye,Chandrabindoo,3uP7Gakz0OsCEszCSVbLAq
Ebhabeo Phire Asha Jaye,Chandrabindoo,3uP7Gakz0OsCEszCSVbLAq
Bulbuli,Ritu Raj,3UQNpb3oIk5GWNu9efvNg5
Orey Neel Doriya,TAPOSH,3Uvo48nxQw7j6LdPpMrY4u
Kobe,Nemesis,3VlLajFwBm2D3mqWheyeOT
Poth Chola,Artcell,3vXCKgUpHrv5dfXM53w28W
Poth Chola,Artcell,3vXCKgUpHrv5dfXM53w28W
Bhenge Mor Ghorer,Srikanta Acharya,3Wg3vH2PdVqUmXYnX6hAj4
Nirban,Meghdol,3y4jqOZZzsMcCOtWflfhpf
Suhasini,Moruvumi,3Y55rDVMIZ9nFNVgNHgc4i
Bibya,Shunno,3YABJjWNZt9Spn3WjEkVPA
Bibiya,Shunno,3YABJjWNZt9Spn3WjEkVPA
A Buke Jole Re Aagun,Baul Ranjan Das,3yJrHuftUpJ0PNHE8fnTGh
Abaro Vul,Mcc-e Mac,3ysGkcTQipsiiNIPReK0WL
Ei Bristi Anasrishti,Nachiketa Chakraborty,3ZIZFYMDLihZwWED1VLSaR
Phaka Frame,Anupam Roy,3zX4UhBF7ZG2zTKU82Plhr
Adorer Nouka,Chandrabindoo,41bxHbv8RpsdaAv6TWBzug
Aurthohin,Bassbaba Sumon,41gy8xdEfWRNRE3Kj5u4wZ
Tumi Aar Nei Se Tumi,S. D. Burman,41XG8ML5KKgJDPwSNUtWPi
Pakhider Sure Gaan,Mohiner Ghoraguli,42DqgA5ozZthRZUGLBZbxT
Jodi Hay Jibonpuron,Sreeradha Bandyopadhyay,43iCLe6r51ZDYF0NXCW8Pg
Pori,Bappa Mazumder,43xVRjR8tiEtoIBL1VjQhv
Dhar Dharina,Sayera Reza,450Ty5BQ0pehZYnaGrcPR4
Shunnonama,HIGHWAY,45t3z8meYKOXdjq4HhKoa7
Har kala,AvoidRafa,46MZZK2QPFjPOS22n5W6T1
Shotto Mithey,Level Five,47qNROGtcjIyHOaVbeNXCB
Bandhoi Nodir,Madhusmita Bhattacharya,48NjB2jaI2qSZ8D278Rd6a
Punorjonmo,Chondropith,48wo8JVnTkD1pmLzrSpXRM
Anmone 2,Aurthohin,4bDg8Sj2q5Y8R5uJEZGkXm
Tumi Sondhyar Meghomala,Sreeradha Bandyopadhyay,4bIamv8qOHciD3tSWNgyrq
Bristi Tomake Dilam,Srikanta Acharya,4BYSGUhKL1Hy7NxWdiHtDP
Chayanama,HIGHWAY,4C7gtJVUdLb8XwfIdvzs0y
Odyssey,Conclusion,4D7uYtaf2tUMJQU764Tuqs
Briddhashram,Nachiketa Chakraborty,4DDoi1W4BNiB7llc5Kzkiy
Beche thakar gaan,Rupam Islam,4DJLk9cXvG8GnVh6XgdwZ2
Ami Shunechi Sedin Tumi,Moushumi Bhowmik,4dKbKaEtNAzgs75K22nk9Y
Mon Kharaper Baksho,Sovvota,4DZtJq0HFdvjzoogYBnhs9
Kemon Achho Annie Hall ? - Adrishyo Nagordolar Trip,Anupam Roy,4EHYSkmrUGgOPBhcU3ALLi
Bondhu,JOler gaan,4EKCf0ybCvC34fFXL97Nan
Darika Disange,Madhusmita Bhattacharya,4EPIbdXj9xuUNp9aIhnBgk
Jontrona,Mohon Sharif,4F726ms6OWAle9G32A41bI
Jontrona,Mohon Sharif,4F726ms6OWAle9G32A41bI
Tomay Hrid Majhare Rakhbo,Borno Chakroborty,4FH19nfpggfmCFUMk95mNr
Opare,Bay of Bengal,4fKZKmUXJTL3e3qzq6LFGe
Opare,Bay of Bengal,4fKZKmUXJTL3e3qzq6LFGe
Kalachan,Tosiba,4fO3nKtzIPzHddK8nbu4lc
Dirghoshash,Recall,4FsNLUnKHt7EEC5lcQxKzi
Ronger Gaan,JOler gaan,4g3xy5uxP1g9dHU1pdGNYL
Bhalo Lage Na,Hridoy Khan,4gGzrg6xF3zi9dleVNmQE4
Megh,Stone Bangladesh,4GqfTI88KHKxUBTPUvIh9y
Majhe Majhe Tabo Dekha Pai,Arnob,4GXnjiHZm3YFFSbglMyY2p
Jodi Himaloy Hoye,Khalid,4h3G7BpYWWrsh6X2t8vYJs
Keno E Phagun Rati Ase,Soumitra Chatterjee,4h5YwMB0OFmZxGvW9EPQy4
Amader To Kichchhui,Nachiketa Chakraborty,4hb5kZmpoEQmYgssDHvbpJ
Dang Dang,Mousumi Banerjee,4hbms8y4BtVlGBj832f3rQ
Kotha Hote Baje,Srikanta Acharya,4hirrAetJsw08ma2J1Q5vv
Ghum Parie Dio,Bassbaba Sumon,4Hrj2asloVnNVpDS4qayhL
Surjo Dobar Pala Ase Jadi,Hemant Kumar,4iKZ6zEEqvuEr3H92sLgzO
Tomar Jonno Noy,Bassbaba Sumon,4imufAeL5gruWuUVWKLA8o
Sakkhi,Highway,4INckSy3Cf5hdY9g1ZKn7p
Urchhi Keno,JOler gaan,4infc2QB409YdlMClgGcyZ
Shopnopuri,Fazlur Rahman Babu,4IU2B0AjSC6pq2mqv4DF6r
Moyo Ketiyaba,Madhusmita Bhattacharya,4J5ZdgGetjvWmIrCkT4gtJ
Satasat Kumror Ghat,Nachiketa Chakraborty,4J9WaGEETi505TRBxlr1W4
Shopner Deshe,Bassbaba Sumon,4k9B0ImPes6wXInq5xSRdO
O Chand,Mousumi Banerjee,4kqYr7GLGWhmpRNzIzsVCv
Meghla Nayon,Piyali Mukherjee,4KSLNvg24hrU4FGxbRx3jH
Maya Cycle,Meghdol,4kT68DxGGRGJvL0UY6UDAU
Lilabali,Arshi,4lDNGZ566ZxSQBOqZEHKam
Aaro ekbar,Rupam Islam,4LK7A9a8z4UFHAL5MNpPdb
Tomakeye Bole Debo,Sanjeeb Chaudhury,4lQKJdH9m6VDLfXgM7lrTX
Herecho,Balam,4LSJBH5w8JexH30ugUd1Ru
Ei Lovinu Sango Tabo,Srikanta Acharya,4mBkOFbfu2c95FgNj8N2MY
Dukkher Timire,Srikanta Acharya,4mu1tXq1J3ierjAU4VpAXL
Mone Mone Gethechi Mala,Baul Ranjan Das,4MuQ8x97uAVS3tSR3gYgkV
Ami Chini Go Chini,Bappa Mazumder,4OfGdYV8dUy5oIFPpP5tip
Tomar E Toh Kachhe,Anindya Chatterjee,4oZWhCxwFTPKl5lthymHGJ
Jokhon Charidike,Bassbaba Sumon,4p8EKDnnuytaHI96R0ApTm
Kagojer Nouka,JOler gaan,4PajVdxt4t5ILBhOoXIX5b
Neel Akasher Neeche,Hemant Kumar,4PgF70Z6AyRKi7S2bUU39q
Tora Ke Jamai Dekhbi,Baul Ranjan Das,4pweVHkAOvOh3s9A7uJ7tZ
Haripada (LOFI),Anjan Dutt,4RgfxD5E1z0nLleUBK6gPv
Chobinama,HIGHWAY,4rM2DwNvWCEA0ueTIeP2sp
Drishti Jhapsa,Sudeshna Ganguly,4rNUo00P2dH4pW4MvUzSqm
Pran Bhoriye Trisha Horiye,Sreeradha Bandyopadhyay,4spOZ5zdvHFnJSyONvzUw1
Neel,Chandrabindoo,4st5IHy6u643FodOQrtbgc
Ki Aar Korbo,Chandrabindoo,4TlGbSQZpLEtbWKnWcM7Yy
Eto Kosto Keno,Hasan,4tp8j4lPEbwaRxmcmIG0GU
Jete Jete Ekla Pothe,Srikanta Acharya,4U63FM3CnASId0y7fWMbT0
Jomi Bechar Taka,Nachiketa Chakraborty,4V2od0vZPdTOVB4ifHAJtt
Aar Jani Na,Chandrabindoo,4vFbV5nFAumjvlZhFtwEBH
Aar Jani Na,Chandrabindoo,4vFbV5nFAumjvlZhFtwEBH
Benche Thakar Gaan (Reprise),Rupam Islam,4wt10ZEwVros7xKj78AGjH
Bishonno Shundor,Popeye Bangladesh,4yg5KwOtT3UUjdlKR7zSnf
Aji Jharer Raate,Mousumi Banerjee,4YoB3LoKVXeO1tuiyxQNDA
Ekla Mon Ei Mon,Nachiketa Chakraborty,4yst9NRwmhyo8QtWWY83za
Mridu Batashe,GM Asharf,4YWwvglhNPnivitclF0d6W
Dhupchaya,Warfaze,4zFcQuj0MbdgNCx0cQU9ta
Ki Name Deke Bolbo Tomake,Miftah Zaman,4znPsiAgH0e9tM3iloLc87
Tezimola,Madhusmita Bhattacharya,50F8nJZdvjYtt33N5drV11
Acid Ki,Stoic Bliss,52yHw5T0Mt1U2h2uVlHbH4
Eden,Arekta Rock Band,53NYK7ZRLBErAMdJNBJEoo
Chondoni,JOler gaan,53qt9tYeyhnmBXDFniGPTF
Tamakpata,Ashes,54rbC8m2E1ghnwJyTHTPM8
Tamakpata,Ashes,54rbC8m2E1ghnwJyTHTPM8
Tumi Na Thakle (LOFI),Anjan Dutt,555rgEiX4zgZvzC8HlNMxI
Tomake,Warfaze,55TgyD5wlnSlA1LVPhFLM6
Pagla Hawar Badol Dine (Remix),Nachiketa Chakraborty,563rC3FXGnIAMkFtVPGr8g
Bawshonto Eshe Geche (Female),Anupam Roy,56vaywwfNgbsZbEmtZDRKS
Shona Bondhu,Muza,56wxzXRp3WFciLILtkc9DO
Kono Ek Nijhum Raate,Bassbaba Sumon,57VcnXpyLlsevrNEviHx97
Rong Legechhe Rong Legechhe,Soumitra Chatterjee,58BCuRUlrhzh5NEkrziVbG
Phulkumari’r Biye,JOler gaan,58kE9oq8Y8U1KhMdjnBWSH
Shesh Picasso,Nachiketa Chakraborty,59dDtqyHXxQqfDGFqBjY3y
Nil Akasher Pothe,Bassbaba Sumon,59i2vRVbV2hhQ80xFkIIn4
Bhromor,Anupam Roy,59iGdOIlr06W1Pzmu4fbaM
Sondha Namai Rakhi,Bangla Five,5A3uPAWyY7SA8HYI58ulZO
Phiriye Dao,Miles,5ajjsZ8TgVPiwN4ySTtAZz
Khelche Sachin,Chandrabindoo,5arvrfQWKJ88sNAo8e6oTO
Bondho Janala,Shironamhin,5BJBaI4bpWHmiXqFadEpkM
Somoy Gele,Band Lalon,5BQvyVaERi70ObzlpkRkHS
Joyita,Anjan Dutt,5c340ssqAlzAFnuKS208ye
Shikawr,Sahana Bajpaie,5C6587IyQwPsGmzyIxnNip
Esho Amar Shohore,Meghdol,5CM1vkHKmfjGk5Akzd6An1
Ekhon Ami,Bassbaba Sumon,5CnKGxYAjqDWQdgV7UOpGZ
Bhindeshi Tara,Chandrabindoo,5cNMVwMK6sMGzg7jvaTXZb
Je Shawmaje,Anupam Roy,5cVXhBD2MQx9LRdogiThUI
Jeremir Behala,Nachiketa Chakraborty,5d53MDSwLLGWZyqQsjMkEv
Tomra Ja Bolo Tai Balo,Sahana Bajpaie,5dADlQADCnLzKndLY5Ys8s
Office Time,Chandrabindoo,5dcwuN20zFrp0GlTA7Wpzj
Office Time,Chandrabindoo,5dcwuN20zFrp0GlTA7Wpzj
Amake Kadiye Gele,Baul Ranjan Das,5e1KiIobKWioD3VcvPUG4C
Bondho Janala,Shironamhin,5e6jBOUv3HLIpK0OLAFz3q
Mission Accomplished,Bassbaba Sumon,5eAxJCG13W6JoYRwC8JO5T
Bapuram Sapure,Mila Islam,5ExnQ3gdEGd6GVw7BrXPMS
Tomra Kunjo Sajao Go,Sahana Bajpaie,5fbnlwadjyVu8a4XnrYwZK
Majh Raate,Bassbaba Sumon,5fJp7Aua6F725uIcxHyNrA
Nilanjana - Ii (Hoyto Karo Buke Matha Rekhe),Nachiketa Chakraborty,5FKPJa0ZJLh7PysCnjWgGh
Tobu Mon,Meghdol,5FPA6G5VxN014UrBKm0BJd
Porinita,Conclusion,5fQBQdZwNcW1FKTuCXQWjU
Porinita,Conclusion,5fQBQdZwNcW1FKTuCXQWjU
Aaro Sheet,Anupam Roy,5G3fHqagElGE8003hRCJrk
Jhora Patar Gaan,JOler gaan,5GKMh3WdIksZMZD1JsGn0T
Bokul Phool,JOler gaan,5gMXTVAND8YmXnnhUawPaO
Khata Pencil,Anjan Dutt,5GPOap9YWHlD3DuLbdLGDw
Dur Dipobashini,Fahmida Nabi,5GxfR9r2aTUSZSruVAOE9I
Bhut Boshechhe,Chandrabindoo,5hBaK7yN64VGBv9GnLMuEw
E Raat E,Shironamhin,5HfvEEtwCUVNOgR3opAiSp
Five,Balam,5HhheJuyO6bBwur1lOwwUi
E Mon Byakul Jakhan Takhan - Nachiketa,Nachiketa Chakraborty,5I5fGpKrk5guDyw6R9BezY
Ei Obelay,Shironamhin,5ibdXIQq154EYy4IbSZEKx
Ei Obelay,Shironamhin,5ibdXIQq154EYy4IbSZEKx
Chol Dotong Pahar,Sohan Ali,5Ik4PZv4cmeOOP7hsavlSr
Mangal Graho,Chandrabindoo,5imFatR1jyaIwBcvJuvEJZ
Mangal Graho,Chandrabindoo,5imFatR1jyaIwBcvJuvEJZ
Two,Balam,5IrIsazDBxV4HHuaVdZ5Gj
Jhilmil,Chandrabindoo,5isRQg2KxH88PjWkHttHnY
O Dorodi Go,Baul Ranjan Das,5Jl2Skc65TNwbZFUmok1Bo
Pakhir Gaan,JOler gaan,5JUSjSTYlmD6GIbUj4IxJO
Jaago,Mousumi Banerjee,5jvDqFfsEkijpeaJv2l9pk
Chaka,Anupam Roy,5kBNFDcnG3ChxLDVZjQM3d
Khola Janala,Subhajit Sarkar,5KLlNQjxJIxXrmPRjd3cwa
Jao Pakhi Bolo Tare,Krisnokoli islam,5kT7hjDfJpqMNdxAHOj7QJ
Mon Mon Amar,Suvajit Ray,5lJVy34eYwMeyVwf0g6i0P
Mayabi Chokh,Stoic Bliss,5LnznmDBwpvg6KZoS4ABYp
Moron Karo Kotha Sunena,Baul Ranjan Das,5M1PZvIrKZRRQOSzcbHzjL
Shopnogulo Tomar Moto,Bassbaba Sumon,5MOthorLNUsX4yBl8jm6di
Tomay Gaan Shonabo,Sahana Bajpaie,5n4zdObjmnv9sKM7l7hZTu
Aaj Ei Dintake,Kishore Kumar,5ngxm3qz5Ok6VTOH7nq3Ja
Bohemian,Shironamhin,5NpMLCD0QyN7k2N2iRyTjM
Camera,Avash,5oVZ0QlCiGNiHkn2O6qtch
Monpakhi,Piyali Mukherjee,5OzSGC3rptaPVfklDQfRoW
Phiriye Dao,Miles,5pNCVZ2IZK9TXr6nOAIF8t
Oporanho,Icons,5pvcKpHBdbhIUuE3JDvfQE
Keu Bhalobeshe,Chandrabindoo,5Q5BTLHjIzItklverzk3Fz
Keu Bhalobeshe,Chandrabindoo,5Q5BTLHjIzItklverzk3Fz
Boka Pakhi,Shohojia,5QFHN5g6tUuQGIsGFQyMjF
Buker Bhetar Bristi Pare,Nachiketa Chakraborty,5QNgPC8tewdBBxPyI1Xaax
Ami Apar Hoye,Sahana Bajpaie,5qnm4UevMvTcCGWMpWnnFd
Chhoto Pakhi,Shohojia,5QT6ah4TQuIOUrePxjnimr
Geetol Chithi,JOler gaan,5QXkED7i3AlyIq4o15uu2g
Rajprasader Bondi,Anupam Roy,5QXOfmJRvUoaJZmslZyVgw
Dhakar Pola,Zubeen Garg,5rewgR6m8neD8vIrvH6s02
Bangla Medley,Nish,5RG0huGmbHKckyetsz3XcN
Jawlapaharer Dake,Anjan Dutt,5TWeSg83RgRlhjnqHJjJz3
Bolna Tui Bolna,Hridoy Khan,5u2EseUrMpTNlSG2qFYx9l
Bolna Tui Bolna,Hridoy Khan,5u2EseUrMpTNlSG2qFYx9l
Du Diner Yei Khela Ghor,Baul Ranjan Das,5unSX8Cyavjgo2ObeS4sPy
Bagiye Kaali,Chandrabindoo,5UTae49q7WhxapLnSZ4v4k
Aami Bahu Basanay,Sahana Bajpaie,5uV2TrXwMYezAHcYRKfI8o
Nilanjana-Iii-Dulchhe Haoay,Nachiketa Chakraborty,5uw84gAEJuKg0FRKpfTRwj
E Hawa,Meghdol,5VIyjOoXddMARgRTtKVqXc
E Hawa,Meghdol,5VIyjOoXddMARgRTtKVqXc
Three,Balam,5VK4ZhnrAysc4j3FOFPU6m
Sweet Heart,Chandrabindoo,5Vm94z4KCIGtnJ0seGtT4t
Sweet Heart,Chandrabindoo,5Vm94z4KCIGtnJ0seGtT4t
Tumi Ashbe Bole,Nachiketa Chakraborty,5vRpOJWC1DYc0fZ4wdwyJ9
Chandrabindoo,Chandrabindoo,5VTXy8auVbDWf5qP4kd9YB
Bandhu Tomaye,Chandrabindoo,5wHKezuC6uOfMOvd5dDIqR
Shorboto Mongolo Radhe,Chanchal Chowdhury,5WjhucPLJUR5tRHbv3joXG
GhorGari,Highway,5wJLi8d6bJjPsIBZkkU3fI
GhorGari,Highway,5wJLi8d6bJjPsIBZkkU3fI
Sob Khelar Raja Football,Suvajit Ray,5xGkLuw5BMPkP88pnz5Uq8
Ei Je Tomar Prem,Sahana Bajpaie,5ym0Yog3MKny7a9CA6Ixi8
Amar Bagan,Bassbaba Sumon,5zymCK3cqJs6yQAGIjXib4
Matir Kachha Kachhi,Chandrabindoo,60QYvPTX9r4x6aMXrpGxFc
Jodi Hothat Aabar,Sudeshna Ganguly,618H1beoxEKEluOX1kisT6
Ami Akash Pathabo,AvoidRafa,62NkP9pkOw6y2B25pokMMQ
Ami Akash Pathabo,AvoidRafa,62NkP9pkOw6y2B25pokMMQ
Kar Milono Chao Birohi,Sahana Bajpaie,62r62cUWce4PoJlJBubcqE
Eto Raate,Muza,63A6hgZ22CS3ps5h1txDPO
Tumi Je Ki Amar,Hridoy Khan,63VBgLBxR2At4GOqO6B15F
Koishor,Oblique,64MvcXtzp3lGHo2OS21nwK
Tomar Jonno,Arnob,64XYUIgyPK5KI1SWA63OGR
Tomar Jonno,Arnob,64XYUIgyPK5KI1SWA63OGR
Nayon Tomare Pay Na,Srikanta Acharya,65SC1ArIh5vAhgbbvXDV84
Sudhu Bethya Paai,Baul Ranjan Das,67FvMveCwYR446NyfeS3J2
Rang Pencil,Anjan Dutt,67J4OcJdtyVypiAKidrmOn
Purnota,Warfaze,67RmLSjDk4AWMYUxn6J7R1
Purnota,Warfaze,67RmLSjDk4AWMYUxn6J7R1
Jokhon Charidike,Bassbaba Sumon,67YZzN8RjDcojqYAug6C0Q
Ekbar Bol,Anupam Roy,68FtSxP7PoaCKGHA7Tszs6
Kolkata,Anupam Roy,68KJfbYO4h7wCzbq3CJ0T7
Shopno,Mcc-e Mac,68KnebnMj2P6wsKGieTSg1
Four,Balam,68WkHwiaED93VCeT35HOVB
Aj Jotsona Ratey,Sahana Bajpaie,68yOKqoW1Q4Jcbg6u7YDbY
Mayabee,Blue Touch,697L56blyFsXn3NKxkpiWN
Phule Phule Dhole Dhole,Sahan Bajpaie,69KzEO9fmgDcMhHFbZTEnb
Phule Phule Dhole Dhole,Sahana Bajpaie,69KzEO9fmgDcMhHFbZTEnb
Sona Jhara Ei Je Sakal,Nachiketa Chakraborty,6a6e90YS1Rn3I5eOxgj8Wu
Jage Jage Raat Bhor Hobe Bole,Nachiketa Chakraborty,6amZ5ogV5EUCIoS68Cz80x
Shesh Gachh,Nachiketa Chakraborty,6aXr1eftpQM2cWQU5atnPl
Beni khuley,Muza,6BCEJpxAaejJUD5Uxu7jF6
Atolantik,Bangla Five,6beyoTRwJJtanX9lSyKbMe
Hariye Tomakey,Balam,6Bj29YoxLg6IeUhe4NV0aq
Thirteen,Balam,6BMoKBtAQRQ9IoWlahELdk
Cholo Arekbar Uri,AvoidRafa,6BnrcE0vfX8ZcjpcXxRaoo
Cholo Arekbar Uri,AvoidRafa,6BnrcE0vfX8ZcjpcXxRaoo
Lakkhi Jakhan Asbe,Srikanta Acharya,6bUsy3HS8M21eNgziR6beF
Aami Kaan Pete Roi,Sahana Bajpaie,6buYnecjRpBECP18UFXizc
Amra Hoyto,Ahmed Hasan Sunny,6by487U3GzkulL1OZsaTne
Ekbar Bole Dao,Baul Ranjan Das,6CIHC7a8K9rtaLemYyyM5z
Awbawsh - Adrishyo Nagordolar Trip,Anupam Roy,6CrYRLoDJLpSUrU3oQU1qc
Bhaage Jaana Hai Kahan,Rupam Islam,6CUykRXRrHCIuwjRIB7wIe
Amar Ei Poth,Sreeradha Bandyopadhyay,6D1hwTjQ6d7dEx4TIe3muu
Tarar Pane,Bassbaba Sumon,6dtj0KUwQgee7YhOsDPtZE
Age Ki Shundor,Ujan,6E3Ozh5uUNNiuu18nkPYY3
Generation Gap,Nachiketa Chakraborty,6eaq7AlRYZqpeINIsBC2Wa
Deora,Pritom Hasan,6es5J5O5SZ9BPY5pPn9HhD
Maya,Sahana Bajpaie,6f0mByX8azJAbcZmUwcHFH
Shukno Patar Nupur Paye,Indrani Sen,6fhDGTOXKL8JcYhP0pTpE1
Tor Chokhe (Instrumental),Nachiketa Chakraborty,6GDEpKpdifcVVfgFkFNggC
Onubhuti,Arbovious,6gOYHUPMviZ9kNdIkNgKjq
Bela Bose (LOFI),Anjan Dutt,6GxLE22agN3ZA49OOP5JMK
Dukkho Bilash,The Platform Live,6GzLQngdGBmiB4nFJQBOH3
Karon,Shitom Ahmed,6hayQZoX33KaUPaTbNhXFn
Kono Ek Nijhum Raate 2,Bassbaba Sumon,6hdGfPtwfNqgEOUstdRaE5
Mone Koro,Bangla Five,6HoSQfAMMdvSHkZhWnDUpE
Opekkha,Shohojia,6hZ1FgzgOngc4DkFZAG041
Ei Bhalo Ei Kharap,Arijit Singh,6hZbCjLEeD1aQf4hi1DlPb
Noisshobde Dheu,JOler gaan,6InnFOm9QUJiIrRHQE0zf5
Upo,Hatirpool Sessions,6Iufb3wolwOVHH2YirwqVf
Chokher Jal Kimba Pani,Nachiketa Chakraborty,6j35DuQVUJzsZpeydybRP6
Samay Je Boye Jay,Piyali Mukherjee,6JMvyPtBqIzPFkQqpMh2gH
Kapal Amar Mondo,Nachiketa Chakraborty,6KB5OgR8kBfqb7zQiP27qq
Morile Kandishna,Sahana Bajpaie,6Kjh0VkK18BwRLeoSH8OLd
Tirjok,Bassbaba Sumon,6lbtvsfAahIZHWc2S7okcA
Je Kawta Din - Reprise (Male),Anupam Roy,6M002ndc2zIK6s6imEd2QM
Ichhera Dine Rate,Nachiketa Chakraborty,6mAPFEPKIzTR0bYoSfIbEv
Maati Khunre,Anupam Roy,6mhybvlq3WXcAEUnrouVkb
Aamader Chhade,Chandrabindoo,6MTbUGTAiAITwOSd59FAlu
Prithibi Shundor,Nonta Biskut,6NkAOw78iAWS0p7FzuqKrM
Chawl Raastaye,Rupam Islam,6npKw9bFx0bHC5LpuddGRP
Confusion,Bangla five,6NUIyfilS2SAUK5yvWx1DG
Confusion,Bangla Five,6NUIyfilS2SAUK5yvWx1DG
Oi Je Jharer Meghe,Sahana Bajpaie,6O7Io1EqphfBe1GFKOpKEU
Jadukar,Shironamhin,6O8n8QgQwT7GobevUzeks7
Tumi Jake Bhalobaso - Female Version,Anupam Roy,6oARlKW177BrmouSR9AW6d
Baje Shobhab,Rehaan,6ocmI52KPXBBAOJmh4wTh0
Madhur Rupe Biraj,Srikanta Acharya,6OcsaIftwopR7057UxT0hM
Jhoom,Minar Rahman,6oFaLsyybtJzZrt1uZYAIM
Jhoom,Minar Rahman,6oFaLsyybtJzZrt1uZYAIM
Na Ghumanor Gaan,Nemesis,6oSZdPYZXgvCXClIU0LwHs
Nilanjana - I (Se Pratham Prem/Lal Phite Sada Moja),Nachiketa Chakraborty,6PgxcoSH6YkrdQB6PTv6eY
Prostab,Odd Signature,6PoGgomtdwU1jSLQybrUmJ
Prostab,Odd Signature,6PoGgomtdwU1jSLQybrUmJ
Natajanu,Chandrabindoo,6PSBWQmVyoqHZaMqkcehlc
Na Bala Kichu Katha,Nachiketa Chakraborty,6PXxcwmsNQWL42T2Dll0Fm
Conductor,Chandrabindoo,6pYv1AxiViAF31ltTjmmUb
Conductor,Chandrabindoo,6pYv1AxiViAF31ltTjmmUb
Aamar Motey,Anupam Roy,6qkoo6SQru2khgh87tarNT
Bedona,Shunno,6qMij3wV7GhTOP3hHhZ0WX
Bedhona,Shunno,6qMij3wV7GhTOP3hHhZ0WX
Bedona,Shunno,6qMij3wV7GhTOP3hHhZ0WX
Moho,Aftermath,6qRglVNQGMVQRCEvn2sV2J
Moho,Aftermath,6qRglVNQGMVQRCEvn2sV2J
Ishq Sadhana Ishq Kamaka,Nachiketa Chakraborty,6QyCGQHh4xuTU7RHC0sAw6
Adda,Chandrabindoo,6Qyr960SN3nlwzY4PJHrfN
Uthche Jege Shokalgulo,Rupam Islam,6r08U8LJkTjCVLvvbujeef
Arale Harale,Xefer,6r6nprkFsdLMKIKPkFbdaS
Gadha,Chandrabindoo,6RGNXEEAPcjaCJpi7hCE1P
Ei Besh Bhalo Achhi,Nachiketa Chakraborty,6SB0KGdeD5pT6o0U3kVdIk
Obuj Valobasha,Hridoy Khan,6SB64AmqftZVDbs8gBiu0S
Dusshopno,Odd Signature,6T4yBITRdTX6OsedSy5bwy
Dusshopno,Odd Signature,6T4yBITRdTX6OsedSy5bwy
Shada,Minar Rahman,6T82IoLPTYfE7xWRmtKCXq
Benche Thakar Gaan,Rupam Islam,6tgpiYYPHmTVDTNbsjGFMJ
Uttornama,HIGHWAY,6tMF4dQ9VTvIEo6mfPhtSR
Chawl Ekdin II,Sahana Bajpaie,6tYd7eYWYCUZkOk0EY6JE2
Je Kawta Din Duet,Anupam Roy,6u0qLUHsVq9JUK6hqMxvi6
Ami Amar Mone,Chandrabindoo,6u2mNo40u7cb5CGKpKO1A0
Patar Gaan,JOler gaan,6uF9YCvQhrK3R0jkTkw4vU
Ami Tomar Hoilam Achena,Baul Ranjan Das,6v0evJvsicdPobVNbaal4L
odhora,Vibe,6VAXwno04nsvHT65KbuxQu
Kotota Din,Sovvota,6wF8mSCFuZ3GPnOLr1BXK5
Babylon,Chondropith,6X17j1YtRDZKeCyI5y1MbJ
Aayna,JOler gaan,6x656MjoXFDCDmFQj5NOcI
Bawshonto Eshe Geche (Male),Anupam Roy,6xfEKqN6bnqs6QfqQm8vXf
Baula Batash,JOler gaan,6xOkmgjalGij4tFh7TouLF
Trirotno,Sovvota,6y95P8imjZL7YL4FJQfwP1
Ami Apar Hoye,Anushes Anadil,6yaCqb7gLfYLaWgURcYAyw
Chaya,Highway,6YdezeXuIAkGaLRgbC08Ny
Ami Hethay Thaki,Srikanta Acharya,6YJOkDqHIOA5gpktWMQOpJ
Hariye Jao,Arbovious,6yMqALZcV8hTlcM3ahWizp
Hariye Jao,Arbovious,6yMqALZcV8hTlcM3ahWizp
Ogo Roddur Amay,Bangla Five,6yPNhhZ9EwLbvlccYmjFt1
Tumi Jake Bhalobaso - Male Version,Anupam Roy,6YUTAVNRRxWh6eHEzhTaPF
Shurjosnane Chol,Bappa Mazumder,6yyEOW1ltNkr8kynZEYuIu
Shadhinota,Bassbaba Sumon,6Zh2tYZS9KUDv4n1eXlMOw
Sabdhaan Mrs Mukherjee,Nachiketa Chakraborty,6ZRI4UJoEVZO2cZ5uQL2Uh
Ami bodle jabo,Ashes,70I6M0XVW11XCLh4UR0jMY
Chawl Ekdin,Sahana Bajpaie,71alUZBrftLS4GqE3lQRkQ
Onno Aloy,The Tree,71XxylHoSigwo354LSy5p6
"Balna Balna, Pt. 2",Nachiketa Chakraborty,73iwP7AopYQCfKAMhHudDM
Tumi Bondhu Kala Pakhi,Baul Ranjan Das,73vjMZZZa6NucczT6ibvEl
Awnko Ki Kathin,Chandrabindoo,74AMzLokixuUe8bFm1hFPz
Amar Prithibi,Black,74hm14zpKp0b792FvVJ71t
Ekushe Pa,Nachiketa Chakraborty,76M0r8N2fMgm6IRNlQ3Fkq
Baba Mayer Pocket,Bangla Five,76mzMB4jDgJVzKgFQwggzL
Sei Raate Raat Chilo Purnima,Kishore Kumar,76oPeqSqO5g95EPpkoupLw
Jibonanondo,JOler gaan,76zdp5KYnkzxJ1Z7ZgKQP3
Jawl Phoring,Silajit,77FL46gBFDDbKHJpQwc1b3
Jawl Phoring,Anupam Roy,77FL46gBFDDbKHJpQwc1b3
Shunno Hridoy,Shitom Ahmed,77tba1jG381G8a1tWWG5c
Hridaybasona Purno Holo,Srikanta Acharya,77wxLiYyuDp0EJuwxg6bNn
Andhar Raite...,JOler gaan,78BdWTgJM5QA9pJrxL5VEZ
Amar Dehokhan,Odd Signature,78EbJAZcUdahv84ZF2FyS1
Amar Dehokhan,Odd Signature,78EbJAZcUdahv84ZF2FyS1
Shohorer Duita Gaan,Hatirpool Sessions,78ra1uZD52q7GBwsLVMTpK
Ambition - Nachiketa,Nachiketa Chakraborty,79azwP0rWTtdGulDtf9fk6
Sukhe Amay Rakhbe,Srikanta Acharya,79lSbRcvFBzqsrbHh2RkjT
Bhubanojora Asonkhani,Srikanta Acharya,7AJNMUb8tCPtKxX5GBdknz
"Balna Balna, Pt. 1",Nachiketa Chakraborty,7aJY2kJRl7X9ziE6zrFDJ0
Aami Ajkal Bhalo Aachi,Anupam Roy,7aWMSo61OZRFEIRb9YLM6b
Pacemaker (Introduction),Nachiketa Chakraborty,7bII97tdMmIBKfFzPEKBFu
Boshonto,Balam,7BQwprZvFsBXKFIrsNrrxf
Jaan Oh Baby,Salman Muqtadir,7BtOYKm0BuwhsivCe4w4jk
Arshinagar,Sahana Bajpaie,7BUG7Wju0YzslQivkwrO8q
Bhubanojora Asonkhani,Srikanta Acharya,7C9LiUOhn8TB35TYO7pJuK
Majhe Majhe Tobo,Arindom,7cnpwfOd3K1aTzgFWZJLeO
Ekti Nokhkhotrer Gaan,Bassbaba Sumon,7dDqA2nYEziiJrA4UzLzV2
Bhorer Kuasha,Chandrabindoo,7dg0abQLjDLhRJ2nb7n6cS
Khoye Jawa Chaad,Level Five,7drgfsb1o3LPQQc5tHZW8O
Shukh,Balam,7E2xFpqxnjclVSKEO5SZ3H
Habibi,Asim Azhar,7e6mcPDj3sEZ5TQkZjn6Fy
Amake Mukto Koro,Sovvota,7EgUC6JL6L4cODFSANsU9i
Shukh,The Tree,7ex9o8cxTGTTTi67ThhasW
Super Hero,Sahana Bajpaie,7FioXrS2Denl0ixjODJcja
Lukao,Bangla Five,7GBEnD2kXpIhXjIIXdL7rf
Eita Tomar Gaan,Chandrabindoo,7gCphwzY29DghetIr28GUT
Eita Tomar Gaan,Chandrabindoo,7gCphwzY29DghetIr28GUT
Shopnoto Dekhesi Tomake,Muza,7gpIaL8ghFYufHFHQbiDqR
Valobasha Cheye Ami Peyechi Je Bethya,Baul Ranjan Das,7hRjsdPtmWzCFdw7fTg9hY
Sokatore Oi,Sahana Bajpaie,7htLLWusBNWyro1Xt0S525
Tumi,Level Five,7iSWYBp3QGl3eQyv8l40hs
Boka Meye,Nachiketa Chakraborty,7J5IsPmFJPTcrxWzGD3Ei4
Amar Mon Moyna,Baul Ranjan Das,7jjdhbTSKdMDNY2oxKLbh5
Ami Chini Go Chini Tomare,Suvajit Ray,7jZ8aLrq2vl4Hzt2ScIkzA
Jagorane Jay Bibhabori,Kabir Suman,7K4kS94Zf4hST081OCE952
Ke Je Ele,Sudeshna Ganguly,7k53D6MaS7q8cQf7O8JiZM
Obosthan,Highway,7Ka7NGOzmU1cnAyzma5Ens
Obosthan,Highway,7Ka7NGOzmU1cnAyzma5Ens
Ek Cup Cha,JOler gaan,7KcagANdPwHavLZ7fa33OQ
Chyapta Golap,Nachiketa Chakraborty,7kzp0tpjXpMEVIcBt4UpYH
Je Kawta Din (Reprise),Anupam Roy,7MDwxOvy8omHHqRBch9T3H
Ghore Pherar Gaan,Mohiner Ghoraguli,7me5St8vVWlEPZ5lBRbHLU
Khachar Bhetor Ochin Pakhi,Shunno,7MRoAC5UHDbx0FoXQWNihB
Lukochuri,Balam,7mvTVQBsHkS5loD5gwhyBc
Akkel Gurum,Nachiketa Chakraborty,7MyVIFMlolqxCzEq2pxCVZ
Aaj Abar,Chandrabindoo,7omWRFPmXn7QpL5tNhNAZI
Ondho Jibon,AvoidRafa,7oq3aDXdmXYREnKbBRaFwP
Bujhini to Kakhono Hai,Piyali Mukherjee,7oyuEVMSm9yL41EQp7tdLK
Moron Iccha,Popeye Bangladesh,7qDBGtbzTU480J25m6Y30m
Bhromor Koio Gia,Arshi,7qXkWi386WqXZVNcqcxaiL
Shunte Ki Chao (LOFI),Anjan Dutt,7tEWGchrY6nP3GPsqbpAVn
Roga Bolo Na,Chandrabindoo,7uMCsrqpiOOX4kmGGQDoeT
Kato Chena Mukh,Mousumi Banerjee,7uoxwkzWZ4KH3Q1s3f7wBL
Shaada kaalo,Upol,7vpct6bZGjlaEOfoj2i2s2
Jodi Thakto Dana,Sovvota,7wAnDJAgQgH0XkdCTYtWpV
Momer Deyal,Tahsan,7wCAJz9REX7Wddr5NEgtOl
Ghum Aay Re Aay,Nachiketa Chakraborty,7wM1hZwyS8BlbDpj61mRus
Ki Korle Mon Baul Sadhon,Baul Ranjan Das,7x92ftwHVJKHbMAMlypshV
Tahader Kotha 71,Bassbaba Sumon,7xiEQDdQrwjpdtsJmNWz25
Coffee Houser Sei Addata Aaj Aar Nei,Manna Dey,7yMlBFEJTfGoM5Qk4jDPkP
Tomay Ghire,Tahsan,7zMlB2cRhNqspuNayqPYwg
Ambition,Nachiketa Chakraborty,7zTDzHH1I2IxBPjYPVhR5G
Etota Valobashi,Recall,MjtyQvkVOo0TahwcZe10N
Menechhi Go Haar Menechhi,Jaganmoy Mitra,5XhYWyeqcAQnBtkA1LlITC
Aha Oi Anka Banka Je Path,Shyamal Mitra,4Wit8H90pabvIyqLvbfo67
Dole Dodul Dole Jhulana,Shyamal Mitra,4A9PgShfDF2Ue5AgMyIibM
Ei To Jiban,Kishore Kumar,5x6n8rx61zvSssG2dqZFNE
Somoy Gele,Band Lalon,5BQvyVaERi70ObzlpkRkHS
Sudha Sindhu,Band Lalon,4zV3GkuM7tUOSwEGlxQeqP
Chatok,Band Lalon,3aFeLnWKOxHkENL2f363LS
Khepa,Band Lalon,3FsfylNb5Ui3ynX6769sO9
Du Kool,Band Lalon,1kZfAInjmsN0ILDqh1BKID
Tal Tomal,Band Lalon,6xLizmeRIh5qgxmVgyVMZa
Krishno Preme,Band Lalon,5wieqAg7qgcaKvRsRvqoOx
Ghor Bhangile,Band Lalon,6rFXTraX6HFjLO9MZFxQVs
Somoy Gele,Band Lalon,5BQvyVaERi70ObzlpkRkHS
Sudha Sindhu,Band Lalon,4zV3GkuM7tUOSwEGlxQeqP
Chatok,Band Lalon,3aFeLnWKOxHkENL2f363LS
Khepa,Band Lalon,3FsfylNb5Ui3ynX6769sO9
Du Kool,Band Lalon,1kZfAInjmsN0ILDqh1BKID
Tal Tomal,Band Lalon,6xLizmeRIh5qgxmVgyVMZa
Krishno Preme,Band Lalon,5wieqAg7qgcaKvRsRvqoOx
Ghor Bhangile,Band Lalon,6rFXTraX6HFjLO9MZFxQVs
Pagol Chine Na,Band Lalon,3TmBIoZE1pLj0TC0IPfLx3
Pagla Ghora,Band Lalon,21Jqc8Jz38ynlwMUxunFyq
Eiche Thake Jodi,Band Lalon,1BsbLpAck8WiMYvHe5KSQa
Shada Kalow,Band Lalon,0zGtjPxrNEXVcH3T7y8ABX
Keu Bole Bhogoban,Band Lalon,5o2MXdbNCcaow6Miw5wn3m
Elomelo,Band Lalon,1cqoU0tzR60TyVTmUk1fZ4
Footpath,Band Lalon,1PhSD8o5bbo7LIhdQcbhgI
Chaader Bari,Band Lalon,15HyEDu7RwvNzGLBDcs6SP
Boka Shomaj,Band Lalon,2LriwUIO9Q6BFoyGVRDkIO
Bhule Maya,Band Lalon,5TPIPGStkr0HDn1IDpgGn9
Amaro Parano Jaha Chay,Bappa Mazumder,2EGytjFU7CAg6w4zppmdIF
Ami Chini Go Chini,Bappa Mazumder,4OfGdYV8dUy5oIFPpP5tip
Tumi Kon Kanoner Phul,Bappa Mazumder,4COuL6qmgl274gakuydInB
Bhalobeshe Shokhi,Bappa Mazumder,34XfhDjPhZOOOHZtFhhfu1
Emono Dine Tare Bola Jay,Bappa Mazumder,3S90Xx0jdI20Kmx0EpIvu8
Ami Tomaro Shongge Bendhechi Amar Pran,Bappa Mazumder,0jdbWqmtOVVcrUn118PApq
Purano Shei Diner Kotha,Bappa Mazumder,4ZkVNjpxKEGcSRM1hPX0Kp
Mone Kii Didha Rekhe Gele,Bappa Mazumder,1heCAlQauZo7g3Vgej7Mm6
Dhulo Pora Chithi,Bappa Mazumder,5xItc3wIDw3dSef7HZ0iHZ
Ghum,Bappa Mazumder,6Z4wPZj6IeCYkUV0bhbNIi
Bohudin Por,Bappa Mazumder,735l0lc67LU6qrWvPWxIPA
Pori,Bappa Mazumder,43xVRjR8tiEtoIBL1VjQhv
Khola Daak,Bappa Mazumder,2UuhZxFPihWUW21ipjOst9
Prithibi,Bappa Mazumder,1cAprgzHyRqPbSwyqNGvJh
Shobdohin,Bappa Mazumder,13aU89xpV9AucnctlmBuV5
Kokhono Ichchey Hoy,Bappa Mazumder,4oMGtM4ljB53z7TwuNs1L9
Bondhu,Bappa Mazumder,6u7R5NPMbQ0Tw6wmhEeAa4
Ayna Chiruni,Bappa Mazumder,0e5aDGDuq8CKBa8BqRAVL7
Bhalobasha,Bappa Mazumder,6IRHgyml9tlTbCrguk8AuX
Shopno,Bappa Mazumder,4ObzrKvNAyl4Zim1rFQp5g
Anondodhara,Bappa Mazumder,6kUljmjnetRIERCSOdHWUN
Gari Choley Na,Sanjeeb Chaudhury,1AoYBKL6d5tzfVvmGKUHU4
Bazzi,Sanjeeb Chaudhury,5Iiguiwqylo8WTxc1tEuSK
Nouka Bhramon,Sanjeeb Chaudhury,2I56a7qrrQ0LqPB2Tz6tk8
Chader Jonno Gaan,Sanjeeb Chaudhury,7xdsDE7FmiqNptO6DvNp4O
Joler Dame,Sanjeeb Chaudhury,2V0CrkfAw7t9K5GrkRSqIl
Tomakeye Boley Debo,Sanjeeb Chaudhury,4lQKJdH9m6VDLfXgM7lrTX
Amar Santan,Sanjeeb Chaudhury,2lpDIfNKjgKyalxA5kVgiK
Sobuj Jokhon,Sanjeeb Chaudhury,3PXUxwrFNsPAXp8ehZ250U
Gachh,Sanjeeb Chaudhury,2asayAKO7OzzuDsBcUPu3L
Bristy,Sanjeeb Chaudhury,2ahNDwdAHfPOGoY7oQUFic
Chader Shohore,Bappa Mazumder,3TFrklq1TRUqyCqUE7x9Ei
Hridoyer Daabi,Bappa Mazumder,2F3m6njRQhfx8V9cofj7zD
Firey Chai,Bappa Mazumder,4bH3IYo34OmBaALPiLt0dh
Jor,Bappa Mazumder,1otyVHkmrQiBJtExDRzoOA
Chhuri Chikitsha,Bappa Mazumder,3RZIMxndAAE267jxdQbIYH
Bhenge Poth,Bappa Mazumder,54MBXBUhSSZuYsSbK6GyGL
Akashchuri,Bappa Mazumder,54GMUS8XvJyvLZ6hDgEdLo
Kar Chhobi Nei,Bappa Mazumder,08XToAb4B21S9DclKds6x2
Ferari Somoy,Bappa Mazumder,3EtiaIzyqqtWy3mRZTuIyk
Ei Noshto Shohore,Bappa Mazumder,6EVFhhzgaBK0exzjcsjJgB
Opekkha,Bappa Mazumder,2c8Kf3glZyQYkEb7Nft0LG
Bayoshkop,Bappa Mazumder,66c19T5AGDOoKgeddazqVO
Ek Mutho Roddur,Balam,3bdQgPpn4DriZUT42NlNd8
Ashar Neelachol,Balam,2JTNKPj14g0JrWe18lvfru
Nupur Baje,Balam,3uhJt2WmavNf1AoCXvQubO
Lukochuri,Balam,7mvTVQBsHkS5loD5gwhyBc
Tomar Jonno,Balam,0C4OeQ8mQmu8zOzxqeXO98
Rupkotha,Balam,1KQDrRzrBGdQLT1iaVdbfq
Biroher Shampan,Balam,2pFNaKwrXtFXmGRGPNAiYY
Shomorpon,Balam,6jzj28gXvXUsM8OUAfslwL
Rongdhonu,Balam,6zulfuxZigHr3xwhwrNV6G
Bangalira Ar Koto Dekhabey,Balam,0ZhmpGwB5qPUFnaRPZs7Jt
Boshonto,Balam,7BQwprZvFsBXKFIrsNrrxf
Hariye Tomakey,Balam,6Bj29YoxLg6IeUhe4NV0aq
Herecho,Balam,4LSJBH5w8JexH30ugUd1Ru
Shwapno Tumi Nou,Balam,1Jkmm50vbWr5X0TONaQWHW
Moharaj,Balam,0iAkSPCliJozniBFIq5qZO
Atit Mone Porey Kromosho,Balam,0aGklYNgdWiQfeNxoqN1Sc
Shesh Prohor,Balam,082QypyxxyoVU0rRSo4Nkm
Shukh,Balam,7E2xFpqxnjclVSKEO5SZ3H
Cyclone,Balam,0jV4SVAHhbqBVmQSweofRm
Gari Choley Na,Sanjeeb Chaudhury,1AoYBKL6d5tzfVvmGKUHU4
Bazzi,Sanjeeb Chaudhury,5Iiguiwqylo8WTxc1tEuSK
Nouka Bhramon,Sanjeeb Chaudhury,2I56a7qrrQ0LqPB2Tz6tk8
Chader Jonno Gaan,Sanjeeb Chaudhury,7xdsDE7FmiqNptO6DvNp4O
Joler Dame,Sanjeeb Chaudhury,2V0CrkfAw7t9K5GrkRSqIl
Tomakeye Boley Debo,Sanjeeb Chaudhury,4lQKJdH9m6VDLfXgM7lrTX
Amar Santan,Sanjeeb Chaudhury,2lpDIfNKjgKyalxA5kVgiK
Sobuj Jokhon,Sanjeeb Chaudhury,3PXUxwrFNsPAXp8ehZ250U
Gachh,Sanjeeb Chaudhury,2asayAKO7OzzuDsBcUPu3L
Bristy,Sanjeeb Chaudhury,2ahNDwdAHfPOGoY7oQUFic
Karone Okarone,Minar Rahman,1b5kTQqBybGOwzqDPZwfBi
Cholo Ure Jai,Minar Rahman,2R9TS8Lunj9WdrDU9uwCnM
Duur Theke,Minar Rahman,4Gx6wAG53gOG3WVnlJydGq
Ektu Darao,Minar Rahman,1GpbL4tLNP32CWa4Gt9Avs
Jhoom,Minar Rahman,6oFaLsyybtJzZrt1uZYAIM
Lukiye Thaka,Minar Rahman,5NCgHb4TwzVcRTSkIDsqsN
Shada,Minar Rahman,6T82IoLPTYfE7xWRmtKCXq
Dur,Minar Rahman,0KyPH585tT8nbypQ6iSGgK
Jaani,Minar Rahman,1NLVmQyMLVIcSkuY2EqhlF
Danpite,Minar Rahman,2MT2cAOA5BDjFcys6AQhxM
Bondhu,Minar Rahman,2WuDefJAQT8ZuVUJJZtBDL
Krodh,Minar Rahman,55m8cBBUVnm0Nq3yLqHdat
Prodip Jalo,Minar Rahman,50aDLkED8KPgbOyedj2zhv
Shopno Gulo,Minar Rahman,5Bg5RLfrRUnH29NkFJ36sQ
Mone Rekho,Minar Rahman,6qdE0chlUCIsMp8pcfXt8e
Dushopner Jaatri,Minar Rahman,5Q5dwNf55Zubq1VP0FMy5h
Ektukhani,Minar Rahman,2u9RDEUjxV9FOZmu2vDlwu
MadVenture,Minar Rahman,6Rrf8TkJ6Ru12KmgCsUDo5
Dibaso Rajani,Srabani Sen,1i2r62NVyECsIzHR61B8F5
Ogo Shono Ke Bajay,Srabani Sen,1grwXcGLbRda2otUaEZg6v
Tomari Jhornatolar Nirjone,Srabani Sen,3Tfrtp3YzP3zsB2Y1FD6KS
Amar Ekti Kotha,Srabani Sen,5Hva5kAv4evH4NGHNBASWV
Diner Belay Bashi,Srabani Sen,6aK01PXdyJDKkfmk6Cyal8
Chokkhe Amar Trishna,Srabani Sen,5opool6pGW75oFDV7upCK4
Anandadhara Bohichhe Bhubone,Srabani Sen,2GIkS4CAR0KdCwdJczKSxB
He Nutan Dekha,Srabani Sen,4QBbuPytNQbafuvIadnrlU
Tumi Robe Nirobe,Indrani Sen,2b0Tmnya13gWmVrVLYGbA5
Ke Dilo Aabar Aaghaat,Indrani Sen,4sZTft3UNYyMEVx5W7LIJ4
Aamar Mon Maane Na,Indrani Sen,3df2eTHX8Ay5puuV1fIrur
Kaandale Tumi More,Indrani Sen,3Hus32je3aTALYiBU3p977
Era Porke Aapon Kore,Indrani Sen,4GVPStqf4WVJMBliL5VPU9
Ghorete Bhromor Elo Gunguniye,Indrani Sen,1uYb7lEGa3aVd7qhxyABip
Aami Elem Tari Dare,Indrani Sen,28OSfPWbb4kW52oEGYzNGs
Ami Tomar Shonge Bhendhechi Aamaro Pran,Indrani Sen,795GZXuSra2chWTrlzQbFP
Aaji Dokhino Pobone,Indrani Sen,43cILoS5DCd6cu7JhzHttf
Aamar Mon Kemon Kore,Indrani Sen,2Fp1evifStuX485yL1QULM
Bhalobasi Bhalobasi,Indrani Sen,6YlR0YybLtr5qB0tSlGwy4
He Khaniker Atithi,Indrani Sen,0Ew4mLspqN42sT9elqrDU5
Na Chahile Jare Paowa Jay,Indrani Sen,7Hj3R3bSp2L8y02VBE4GXE
Mone Ki Dwidha Rekhe Gele,Indrani Sen,5Y6qcFabKbParT3cWx3NAY
Ei Kothati Mone Rekho,Indrani Sen,1vCizu27JDD13yxczHc35m
Amar Praner Pore Chole Gelo Ke,Indrani Sen,3ENP5nlaIXJDvnfcUj5qpe
Khelaghar Bandhte Legechhi,Indrani Sen,09j24s0eI0eoxginDf4VXU
Ami Keboli Swapan Korechhi,Indrani Sen,5vYARztSR2jZBkH5Dbhnfw
Emni Korei Jay Jodi Din Jak Na,Indrani Sen,49xjiRd6NyrpCjjzJfJCTN
O Ki Elo O Ki Elo Na,Indrani Sen,75hn2f3nrD4OXPTy9uoEc9
Dinguli Mor Sonar Khachay,Indrani Sen,4YNvPId0NZzIbY3IkdDx6j
Pagla Hawar Badal Dine,Indrani Sen,66lLfl7vcjSruCgHwzLQG0
Aloker Ei Jharna Dharai,Indrani Sen,6Q8B3C8jVrfbs3c9AC4gFW
Aamar Hridoy Tomar Apon,Indrani Sen,02t66i1QQDDgPvhqvF9VTL
Aakash Bhara Surya Tara,Indrani Sen,79XMy9OXHarcueJfunmABZ
Saghana Gahana Ratri,Indrani Sen,5mCEm8eQ06rIZIeYWufeG6
Ei Korecho Bhalo,Indrani Sen,32g0RGf4GdSP3mxvEk24MR
Ora Akarane Chanchal,Indrani Sen,52CGum0JT6ZrLiBOfZER6k
Tumi Sandhyar Meghamala,Indrani Sen,68emZhZdYo9Cg21xKTr0kq
Edin Aji Kon Ghare Go,Indrani Sen,3KorZcIgGPSBBIQEWYs10f
Amaar Mon Mane Naa,Indrani Sen,1HFR9fOPlOjYwwf01UDO5M
Ami Elem Tari Dware,Indrani Sen,283WNvBSvUcwxH71i1Yug2
Bhalobashi Bhalobashi,Indrani Sen,2JUOiOFMUGCoDPpsj6Vz3L
Ebar Amaye Dakle Doore,Indrani Sen,51BwzsdHZyYtpVbdcmQ4wv
Gram Chara Oi Ranga Maatir Path,Indrani Sen,2wFpV8I1MSckFhmSzgSKqD
Jodi Tor Daak Sune,Indrani Sen,3Efkx2qgj6BTxty6DBfPec
Kharabayu Boye Bege,Indrani Sen,7uBsZIgEbYoC8n7k39ZpbH
Khelaghar Bandhte Legechi,Indrani Sen,2VhUZDIqfdIDkvUqjj4xIs
Sedin Dujone,Indrani Sen,2SsHFhTSEBfrk7UhaxKClp
Tumi Robe Nirobe,Indrani Sen,35i2oILB3qnpp7DyUS8Yje
Aha Aji Basanyta,Indrani Sen,0fcakfQABAF3smt8SRi58C
Amar Jivanpatra,Indrani Sen,7L0FlJo3IjJgcdwhw18oeR
Amar Poran Jaha Chai,Indrani Sen,08SU69me1Z3sNJa0GDRMwu
Ami Jene Shune Bish,Indrani Sen,5vM8Lgb8tUZ0T51mMYPJwL
Fhire Jao Keno,Indrani Sen,3wPhI4JlyDMtiQbW97L1Hi
Hai E Ki Samapan,Indrani Sen,56HZW1CyxqphtyTNbP2uYr
Rodon Bhara E Basanta,Indrani Sen,0h1aeNL3vmME7HFCtrMaL8
Sakali Furalo,Indrani Sen,0DBRpejfPl1Pctjy9qfof6
Sakhi Bhabona Kahare Bole,Indrani Sen,35SGOAWTp1laUuiMNWcOi7
Sakhi Oi Bhujhi Banshi,Indrani Sen,1ZZPVrqMrIeTZP4jD4gGpF
O Go Surer Raja,Indrani Sen,4pMwFxR4pi008bt6m0t6WL
Bhorer Haoway,Indrani Sen,5L4S3ogEUoUD72ZssRhTpy
Tomar Hate Tule Dilam,Indrani Sen,20xFOQn9CPFNX4UfXcmyco
Akash Dake Tabu,Indrani Sen,3weq6v5FRtTSg9stmPVRwg
Cheyo Na Pichhan Pane,Indrani Sen,25ZhRel14gASKhkjN6eSPg
Bhalobase Bolei Ki Se,Indrani Sen,4fhOUyhpoXlv0J9EqUU7Pq
Shiter Bhorbela,Indrani Sen,1xCHDU7cwatHe6YPIOz6VJ
Dekhoto Aamay,Indrani Sen,2uy0yNog5Er1zs3101QWKr
Ekta Kacher Ghore,Satarupa Roy Kar,4Xw1viSV0d5M3bAjEmWOsr
Jago Kamalasona,Biman Mukhopadhyay,3hxPCt7rYsGAfLdCGsa2SD
Aadha Aadha Ongo Mile Holo Radha Kanu,Srikanta Acharya,1sSLBRVQ3cYVLDmtritUb4
Banshi Mor Apona Bhuleche,Srikanta Acharya,009i9nntQ8N5iXJB7C0s5t
Bhoray Swargo Elo Naami,Srikanta Acharya,0XFON5nL44veSIO2UMQkeY
Bijono E Kunjo Pothey,Srikanta Acharya,6SvXySAqP6RduPJzcBbJwg
Bondhu Ki Aar Bolibo Aami,Srikanta Acharya,4tUsSxBG4A3petzisRQ5bX
Bondhu Tomar Gorobe Garobini Ami.wav,Srikanta Acharya,24RL28749MsChJEXeiimSt
Bongshi Bajilo Oei Bipiney,Srikanta Acharya,6nHR33ckoCK6N5sGTQ4ICB
E Sakhi Hamari Dukher Nahi Or,Srikanta Acharya,2JVfvCeHfrNCscOqw5wVkO
Heno Rup Kabahu Na Dekhi,Srikanta Acharya,24koaZTaawDNsKgxYgpkMb
Jamuna Pulinbaate Gerochona Gori,Srikanta Acharya,1wLQ48vZEVnd01XuswoNMZ
Jomunar Kule Kahare Heriya,Srikanta Acharya,1hZ2puEkhadIlgH975xT0H
Ke Ba Sonailo Shyamo Naam,Srikanta Acharya,0ttwt0K9S1QCXRtsP3v7EM
Kemone Bujhai Bolo,Srikanta Acharya,7cUBi8nHSKD4CvdkVlnIZj
Ki Kahabare Anondo Mor,Srikanta Acharya,3fUJ0Pd232ahJyMtGCiYQR
Otho Radhike Tolo Chandra Anon,Srikanta Acharya,4621a0mtySgtryJZ8bwVid
Radha Naame Dakey Banshi,Srikanta Acharya,629NPWPmgGn6mKT93TOIKk
Radhe Romoni Siromoni,Srikanta Acharya,1Ux0eVuWblUjKbsHopydN5
Rupolagi Ankhi Jhure,Srikanta Acharya,2eVquSL96p0wIaeJFVTQSc
Sajani Ki Heruni Jamunar Kuley,Srikanta Acharya,2Lag63x72vLKhZEbVyawP8
Sakhi Ki Pochosi Anubhab Mor,Srikanta Acharya,5bWx13ddz2f0mzdzdc1LvC
Se Rup Bornite Soi Bachan Na Sore,Srikanta Acharya,359VXRSCZf5hp3izZNWp7W
Tomar Mohima Jane Ke,Srikanta Acharya,1ffkTMhmDbZP0scacw2SZl
Prabhu Toma Lagi,Swagatalakshmi Dasgupta,2YQwyyt66gZgNwgNUvdajx
Tumi Jano Ogo,Swagatalakshmi Dasgupta,6IMAYcuOqGjN37pJfJAice
Ekhate or Kripan,Swagatalakshmi Dasgupta,0rgQKtvQvZ6Q5OpsBvlV3P
Amar Khela Jokhon,Swagatalakshmi Dasgupta,3sRJ60r8BZwhCMGLdX5gQX
Amritero Sagore,Swagatalakshmi Dasgupta,6YUPV1zjqV3bQaxY8WVJyn
Aji Mamo Mano,Swagatalakshmi Dasgupta,46OYo8bUdyZBOqbKLtlhK8
Ekti Namoskare,Swagatalakshmi Dasgupta,5Z8KUTyRXmsTVy9myAih4c
E ki Karuna,Swagatalakshmi Dasgupta,51DCl7QlwKsuJSEcppjwPU
Hey Nutan Dekha Dik Aar,Swagatalakshmi Dasgupta,189EnqI1k8urbfQHxdKm7A
Hriday Amar Prakash Holo,Swagatalakshmi Dasgupta,5fL6MaEQKn4R0YrFNBnDic
Amar Mukti Aloy Aloy,Swagatalakshmi Dasgupta,0S2ZL37vK9blsUaXzbKeHA
Akash Hote Akash,Swagatalakshmi Dasgupta,3fii3ksSuUfU7N6awXz7sw
Alo Je Aaj Gaan Korey Mor Prane Go,Swagatalakshmi Dasgupta,4KYW0C1BfRWjURqwZoTSn5
Bhoy Hote Tobo Abhoy Majhe,Swagatalakshmi Dasgupta,5uuGQmu4aJkBlIr2QLag3L
Oi Mahamanab Aase,Swagatalakshmi Dasgupta,0QQG0JMavbwzSfOiY5JMur
Biraso Din Birolo Kaaj,Swagatalakshmi Dasgupta,0hgJQMd3fCIcGcL2uiHr5z
Maron Re Tunhun Mamo Shyamsaman,Swagatalakshmi Dasgupta,6facaASWpNe39BZvXhBGUs
Oi malotilata dole,Swagatalakshmi Dasgupta,31X774SyrQnPL4DlIKCqTi
Chander hansir bandh,Swagatalakshmi Dasgupta,4mI5ug4L6f5i6HU3IHoBl8
Amar mallikabone,Swagatalakshmi Dasgupta,7JZOU5KdyqBYDBQgAsAbT1
Neel digante,Swagatalakshmi Dasgupta,2ivthCAIzVe2gnHXmGNj6K
Phool bole,Swagatalakshmi Dasgupta,2v1uzPI761L3EZh7CsP2xi
Madhobi hatath,Swagatalakshmi Dasgupta,0eEqp8WV3hGesVSgRr5cL9
Bol golap more bal,Swagatalakshmi Dasgupta,0A6XoKGZQZDcDl664dGYsb
Dole dole dole,Swagatalakshmi Dasgupta,2ZUQUnqhA0BUgpsF20Nlx7
Seuli phool,Swagatalakshmi Dasgupta,4pdYJSudDUATv3LsndwDcZ
Amar sakal kanta,Swagatalakshmi Dasgupta,3y17CbGJE467p9innwWyUn
Dhere dhere prane aamar,Swagatalakshmi Dasgupta,25jPQLox2WlbBAtkS0awbm
Aami tomar songe bnedhechhi,Swagatalakshmi Dasgupta,1i5g6kW226epmL4RvgpnXY
Ketechhe ekela,Swagatalakshmi Dasgupta,3wZgtlttp3TCEbYIf210Wj
Kobe aami bahir holem,Swagatalakshmi Dasgupta,2Abxbwiso21p0mSN3LZuf8
Aami tomay jato suneachhilem,Swagatalakshmi Dasgupta,1MxCzPpSO4RJTTDOiIwdNj
Aamar nai ba holo pare jaoa,Swagatalakshmi Dasgupta,3wsomYfQYeEaYJIYzNPJ9Z
O je mane na mana,Swagatalakshmi Dasgupta,6nanzQHw87jxrVml7TMJDd
Pran chay chakhhu na chai,Swagatalakshmi Dasgupta,36s27GwmyvyWLRPYhsUBUZ
Chaitrapabane Mamo Chittabone,Arjun Chakraborty,6N9tyAScqCziN42yQkonUW
Hridayer E Kul O Kul,Arjun Chakraborty,4mjjsmOTzdKULaqUUYsK8J
Esechhile Tabu Aso Nai,Arjun Chakraborty,4QvIs5i95Xh6Ur661arquc
Tumi Kon Kananer Phul,Arjun Chakraborty,2SGfabDjXyGwnZ0UXl6Z12
Amar Majhe Tomari Maya,Arjun Chakraborty,16n4FuxjdFdPnazTnWgKOC
Bhalobasi Bhalobasi,Arjun Chakraborty,1Ylg360E99qBvJwfP0IPLd
Chokher Aloy Dekhechhilem,Arjun Chakraborty,1JLjcQ0rouqCobdFbXo9hr
Megher Pare Megh Jomechhe,Arjun Chakraborty,2DEHNEXg1ZS1J99zQ94Jbc
Tumi Ki Keboli Chhabi,Arjun Chakraborty,7MkH7juWnpnXFcK7Uc7ANG
Tumi Rabe Nirabe,Arjun Chakraborty,5F5DXySs8EvOx6nWLCCjy3
Baro Bedonar Moto,Srikanta Acharya,0hWmvls0Ij467ywZiCwoWa
Amar Khela Jokhon,Srikanta Acharya,1pSVREwpjgOy55VXap5DFO
Amar Praner Pore,Srikanta Acharya,18qbxXGX2cEhxZaE7jqwSK
Lakkhi Jakhan Asbe,Srikanta Acharya,6bUsy3HS8M21eNgziR6beF
Jodi Hay Jibonpuron,Srikanta Acharya,0hfoBhgN6QXpsKUuDDXRQU
Dukkher Timire,Srikanta Acharya,4mu1tXq1J3ierjAU4VpAXL
Eso Eso Phire Eso,Srikanta Acharya,1lhtT4PtBrbR1KhB0jNZrl
Gabhir Rajani,Srikanta Acharya,0RZ9fpi4cxKLMwm1EZCttm
Ebar Ujar Kore,Srikanta Acharya,2kb9abbmivWCT532P9t8J5
Tomar Asime Pranmon Loye,Srikanta Acharya,0JfXbTgTA4TfDtO8ez6lyZ
Bairagi Koy Maa Go,Swagatalakshmi Dasgupta,21PIMFWrD5RLMJHcvCj3sp
Ase Mayabadani Janani,Swagatalakshmi Dasgupta,2Jpf5jSYvtmJmHe2AQMQMR
Bhakti Mantre Abahan,Swagatalakshmi Dasgupta,7e9AvbHCnRytGDH8KBq1r1
Durga Durge Durgatinashini,Swagatalakshmi Dasgupta,3mVK5S6vKQQaQ5Fqz4RzSY
Gaani Amar Bhagaban,Swagatalakshmi Dasgupta,2V0H7QezCA1NpAPqO4cbPI
Tomar Janye Jakhan Kandi,Swagatalakshmi Dasgupta,5cMmypWcy5biK5D0dQiXra
Kali Achhen Gatir Majhe,Swagatalakshmi Dasgupta,5WzMPjlITL8azoywJD3OYn
Jakhan Mayer Puja Kori,Swagatalakshmi Dasgupta,5h7IW9eHkKmxQLme8O96os
Alokmalar Jhalak Dekhe,Swagatalakshmi Dasgupta,7r0nbdb4RUwY8kyTY63Mrv
Aaj Amar Chhuti Holo,Swagatalakshmi Dasgupta,45izyfvJXwlHdUTvJzNVlK
Aaro Kato Dure,Srikanta Acharya,4iRxXVM5wg7Tvt9iOMI3Za
Bujhi Elo Bujhi Elo,Srikanta Acharya,4Y4MCmZTXLPussnMKfl0z7
Chokhe Amar Trishna,Srikanta Acharya,6h8A7IniYXdAjducxaMrHs
Ebar Amay Daakle Doore,Srikanta Acharya,0YVEgV7RFuc2mDfZDegZRP
O Jonaki Ki Sukhe,Srikanta Acharya,36luxPY1mPJA4gcroIwAjq
Pran Chay Chokkhu,Srikanta Acharya,3DAxvKeBDLoLAiPdDbIf4o
Prem Esechhilo Nishabda,Srikanta Acharya,3jvD09Uz0EZXSFxKlaBqEf
Tumi Kemon Kore,Srikanta Acharya,1vTXYKcR56JGpnL3z1p8AO
Tomar Chokher Shitolpati,Lagnajita Chakraborty,6TWFr68z7HSH1skzs6Gs4n
Amader Kotha Gulo,Lagnajita Chakraborty,6xRQOk3Y4a6ddSFQ9yRSmm
Ki Naamey Daaki,Lagnajita Chakraborty,0abhcfcTxHm7RJsoonnBt6
Mawmo Chitye,Lagnajita Chakraborty,6wuc7o3A7e5UHpMUZxavWY
Songshoyo Timir,Jayati Chakraborty,4KHx5nSgDvDT8egxqVQWHQ
Ami Keboli Swapano,Jayati Chakraborty,25Zp9hPo5EbDMITKSXosET
Neel Anjonoghono,Jayati Chakraborty,7FBZbPXw49hIY6QvHniRXt
Akaash Bhora,Jayati Chakraborty,396oHAqj37GTzXc97J6S2D
Keno Cheye Achho Go Maa,Jayati Chakraborty,0ByMm3P7ldCXROCW9mtfNB
Akash Amay Bhorlo,Jayati Chakraborty,1YuVo5Xd6MqfqHFm8qR4Y5
Amar Hiyar Majhe,Jayati Chakraborty,7zdVbV0biM52W0GBy87oXV
Amar Mukti Aaloy,Jayati Chakraborty,0lhZClOKavLqfOsjJ7MbfP
Amar Nai Ba Holo,Jayati Chakraborty,2zYZheYaMpagapUpaVmy2J
Amar Poran Jaha Chay,Jayati Chakraborty,6Co1Q4KJw6GlsJiNGIWMyU
Bhalobese Sokhi,Jayati Chakraborty,6S09PITjCjvUgYuOUkxkZ9
Kadale Tumi More,Jayati Chakraborty,4ydeno3LfmMUrQTYmFz9Oo
Ore Majhi,Jayati Chakraborty,0LnyqwYZXjgLDjcFctTBL9
Pakhi Amar Nirer Pakhi,Jayati Chakraborty,3kU3kAEj2AkoQSjHQhfAJ0
Potho Hara Tumi Pothik,Jayati Chakraborty,0TBuY2OZgTrGmotuU6rsqO
Bodhu Michhe Raag korona,Jayati Chakraborty,14UwjN6EbhpzVTfA5OkemN
Tumi je esechho,Jayati Chakraborty,2ziy10W0S5RXFmoJ2gaBjn
Diboso Rajani Ami Jeno Kaar,Sohini Mukhopadhyay,5VnAaNi93sBYdCR9ng1w1L
Tomari Gehe Palichho Snehe,Sohini Mukhopadhyay,1OogEwLmC1QQmNuDk4hBFp
Premero Joare - Solo Version,Sohini Mukhopadhyay,02uTrUuwzlI7cfgMr5Pcg9
Premero Joare,Sohini Mukhopadhyay,1GrRVTWbkGCaD4R4K9FKdh
Akash Amai Bhorlo Aloi,Sohini Mukhopadhyay,2pOfzfzUTgOaTMF83tvKpc
Ore Grihobasi,Sohini Mukhopadhyay,5I1rgnHrRHQn1YhiTcaGes
O Chnaad Tomai Dola Debe Ke,Sohini Mukhopadhyay,1wXh1XdzHMm24DeXai2o6o
Ekbar Phirte Dao,Sohini Mukhopadhyay,3hOsjTA9m5lwPs4jZkx5Sr
Arani Takhon - Theme Music,Sohini Mukhopadhyay,4OFYcdoyrUF2wR5CLvJ3V0
Arani Takhon - Theme Song,Sohini Mukhopadhyay,1EZzI3tQqKV9KGyuz6KqQw
Kobita to Sudhu Kabyo Noy,Sohini Mukhopadhyay,2I0XlHa1Z2DvpIBjXCyde3
Bhrun Bujhi Ebhabei Hoy,Sohini Mukhopadhyay,4UR5srVe5bVTbeC7ueyusf
Otikranto Chhayapoth Paar Hoye,Sohini Mukhopadhyay,1FjMxQXCbzCuWYaxhT0nVk
Shubho Ei Ostakkhor,Sohini Mukhopadhyay,5yBaALluGBn3qKCptpjAg7
Oster Hastakkhore Protibeshi Megh,Sohini Mukhopadhyay,1KAoYBWbr6JC3FvjbPl03Q
Gaye Abir Chhoriye Gelo,Sohini Mukhopadhyay,0JS0fZIiOcqmpW9Hyd7fUb
Taar Anto Nai Go,Sohini Mukhopadhyay,5FAypHXUMASUcjSWSOd3aw
Megh Boleche Jabo Jabo,Lagnajita Chakraborty,3atjZM9A9HQSohsGIz4eOw
Tumi Mor Pao Nai,Jayati Chakraborty,5VXlMvtqtse9cL5XiVUJi8
Tomaye Gaan Sonabo,Jayati Chakraborty,4Zzm9E0zgEnHSVUNFedOPx
Amar Moner Koner Baire,Jayati Chakraborty,3BaXcF3m7hNvHVtizC0Ydk
Dekha Na Dakhay Mesha,Jayati Chakraborty,21c8RFZb6pvAU4wEUDtHGq
Tui Phele Esechhis,Jayati Chakraborty,2JvCyZZp9nIiTDYq6Ur47V
Kano Saradin,Jayati Chakraborty,5uxmKzJ54DfLFYyXSpNUsp
Shrabonero Gogonero Gaye,Jayati Chakraborty,4VsXIlA8Qvsfj6BLEI7Wbf
Jodio Amaro Hridoyo,Jayati Chakraborty,382g9K9FWeMLxfM8d8FDLI
Amar Jabar Belaye,Jayati Chakraborty,3pSIp7oDCyL2h6N31yB0KC
E Sudhu Alosh Maya,Srikanta Acharya,5y0oM7MgmhnmEFfpGhCEb4
Bhora Thak Sriti Sudhyay,Srikanta Acharya,7sTB08NEmoHNfKKyC4Q8Z8
Jagorone Jaye Bibhabori,Srikanta Acharya,2VubUdyc7WyDqwKuufUWp5
Tumi Ki Keboli Chhobi,Srikanta Acharya,3uI4tRimibt2vnPw5G08dm
Kokhon Dile Poraye,Srikanta Acharya,7hsqMTXdanoyMv22xFyokZ
De Pore De,Srikanta Acharya,39nSujMGFY3yhFA6wtmBIy
Bajibe Sokhi Banshi Bajibe,Srikanta Acharya,7Dk9htXe4rZgcCctpr988S
Sedin Dujone,Srikanta Acharya,4xyfQhVl7Xi4YLK0ShFZvG
Anondo Oi Dware,Srikanta Acharya,3p0E862FdrEThmiANczsCw
Loho Loho Tule Loho,Srikanta Acharya,4BdJehPXIqYrpXZTT4eITM
Rangiye Diye Jao Go,Srikanta Acharya,18qJly2g49k8IBMofaazVv
Esho Aamar Ghore Esho,Srikanta Acharya,7f6gV3vlJEN1pVuHM4tDHc
Kotha Bahire Dure,Srikanta Acharya,1UG54uUwIVOXsCgkOPlOfV
Aami Elam Tomer Dware,Srikanta Acharya,4QQoISJMJuZeBEJXUMG4j9
"Ann Mona, Ann Mona",Srikanta Acharya,3gLZeDPUvyRngovv5kMPAd
Aaji Dakhhin Duwar Khola,Srikanta Acharya,4pHCEOGVEmyHan7CLQyfpa
Bahire Bhul Bhangbe Jokhon,Srikanta Acharya,5JzJTITOT1VGlAg9O8rU7S
Na Jewo Na,Srikanta Acharya,5ZlZbvF50Gn6BFe2VHlXxV
"Sokhi, Andhare Ekla Ghore",Srikanta Acharya,1wI0KRwPLH9tR1fXfbfehm
Jokhon Eshechhile Andhokare,Srikanta Acharya,6QF6cPW8XpZMSco3sl4DlO
Mor Bina Othe,Srikanta Acharya,2NghWqu31l3t62GJSmFokj
Boro Biswaye Lage,Srikanta Acharya,7sDWBd7pmKWo6nG46vpDMp
Aji Jharer Raate,Srikanta Acharya,0n4zTXvlMsv5r9gaowiZc6
Aj Jyotsnarate,Srikanta Acharya,00Jb1pdVvkt9h2rtEXDacx
Jodi Hay Jibanopurano,Srikanta Acharya,4ciDMtbMEBpcu7Hji0Jnky
Jete Jete Ekla,Srikanta Acharya,38nM33Kpq3xi7ATFonPmn1
Eso Eso Phire,Srikanta Acharya,2CdOYSc7quupacWZ6tB6Mq
Ei To Tomar Prem,Srikanta Acharya,4F4ocenairqQfz06x6i4XE
Nayon Tomare Pay Na,Srikanta Acharya,3ufvI1i14N98ridKr9Wm2z
Tumi Sandhyar Meghomala,Srikanta Acharya,5I2SMmiG2iN3VntzA1b3g0
Aj Akasher Moner,Srikanta Acharya,7sJt9RsuFFrSyutA0XkzUf
Amar Praner Pore,Srikanta Acharya,1YVxd1fpD6REhfeLwKnMf5
Anek Diner Sunyata,Srikanta Acharya,7MVSBxf4ewElA3J9JBzfHG
Charanadhwani Shuni,Srikanta Acharya,5wQbY22pOVnGLQy7IpsOaY
Dhara Diyechi,Srikanta Acharya,4jzp3y6F8EAtMZx62F90zv
E Pathe Ami,Srikanta Acharya,2Ix8Taa3GmRzxg0AGo4g3r
Ei To Bhalo Legechilo Aalor,Srikanta Acharya,5GeRzR1ksuq1tKHdt1kYOS
Kache Chile Dure Gele Dur,Srikanta Acharya,5TFHUE71fz8i5gVY9Q4teM
Keno Amay Pagal Kore,Srikanta Acharya,2y1WcgqRMgmukToyYNgZeO
Shrabbanero Pabane Akolo,Srikanta Acharya,3rw7BADVCfHf2ZmyKK7jwu
Tumi Kon Kananer Phul,Srikanta Acharya,4IjSt1uDTWclm1CAPYPfAB
Hare Re Re Re Re - Original,Srikanta Acharya,5eeA8UCT7QZmwmLQrEgP9i
Ore Ay Re - Original,Srikanta Acharya,01mZULRUknDWwg8k3hOrGi
Ogo Nodi Apon Bege - Original,Srikanta Acharya,1rxzzKL5nF7w0kMcBNvWm2
Chole Jay Mori Hay - Original,Srikanta Acharya,70Xo6DAwk1qacDSOFNTbgr
Amra Notun Praner Chor - Original,Srikanta Acharya,4sisSb1OV2OvHfZwkn5igI
Amra Sabai Raja - Original,Srikanta Acharya,3uayizFxNtsLLZK05YWseK
Akash Bhora Surya Tara,Srikanta Acharya,0f1apP3cbsMEor12LZeLv0
E Kemon Din,Band Lalon,3fTdglSA4Y42CfT4kQwZ4z
Opaar Hoye,Band Lalon,4RqlcoCdRztRc0bZayreNh
Moner Manush,Band Lalon,7E38ibc5iV3ccPGuNBIuGZ
Boli Maa Tor,Band Lalon,4xH6LCS2trxpCTrlydmyVX
Biprotip 2003,Band Lalon,6YC3G1s5kBorUjVbxhWvMT
Gurur Choron,Band Lalon,4YWU9ruqafvBrDLdJ55pdh
Jaat Gelo,Band Lalon,1hkRYXtSMu5wLya6KKBrde
Bhora Chande,Band Lalon,0mxesFdyMJydnmGBpBMrU4
Ontora,Band Lalon,35x5kYQ91Vglxk4QhaUsTt
Biprotip 2007,Band Lalon,5D7d24VPhlgl1FoSjMGnzF
Ruhani,Band Lalon,4BWbX4JSDFcdxVBbtfuH3q
Pagol Chine Na,Band Lalon,3TmBIoZE1pLj0TC0IPfLx3
Prem Amar 2 Title Track,Kunal Ganjawala,2McCZAH06iv8nCxMBvQq3Q
Parate Majhraate,Kunal Ganjawala,7ALE7mB39b5sKFTjXDVbKP
Nitol Paaye,Kunal Ganjawala,6tKTpjNDsJVLasQ6YPC1r9
Jibon Re,Kunal Ganjawala,4ApEBnoII2bnFbBtXBb8tT
Desi Chhori,Satrujit Sen,4c9n82vcy6igbdV8sDwDJ3
Sharata Din,Satrujit Sen,4F4X48FnkxSsGlexOjxhFE
Aami Tomar Kache,Satrujit Sen,05HYirKQxXh3d1Kge5ZStB
Yoddhar Saathe Ebar Pujo Katan,Satrujit Sen,4DZw8eAPJJhfBgSAbhkL0b
Ebar Jeno Onno Rokom Pujo,Satrujit Sen,6HNbprsATKyydJ7YdrLuPd
O Piya Re Piya,Arijit Singh,690MJInFKM2jFAJ5RzKvkM
E Mon Ajkal,Arijit Singh,1Iu9n2Yay9lmreki05HCQC
Lonely Very Lonely,Arijit Singh,00KIDX2amPQpBNvBpMUaOH
Fakir Mon,Arijit Singh,2icDblyF7WjlLsralenn2J
Masha Allah,Dev Negi,4my5fagFcMKiXvHZgQWHL4
Eid Mubarak,Dev Negi,7k0UQ3gTdeU6kVQwYpj8q0
Amar Mon,Dev Negi,7hW3r9YFQzQsQuEpr4SFzR
Mon tor hoyeche,Dev Negi,43xDM6T7eiqx1e0gAifqI0
Phirbo Na,Tanya Sen,3fkKF5kgHkdQJM8Xwrpo9y
Hariye Jai,Tanya Sen,0WLC2xV20q7IoI9K4k6PMM
Garbar Hain,Tanya Sen,1ZKDP5FSodCkvsuVYUFRnf
Pakhi Jaa,Tanya Sen,0bL0ml0mITiVfG4wUdxqTA
Megh Boleche Jabo Jabo,Tanya Sen,198lORonIlWKDkq7ADTDOO
Mon Boleche Lofi,Imran Mahmudul,2w1NmvymJfM2PgiUsnJJDh
Bishonno Shundor,Popeye Bangladesh,4yg5KwOtT3UUjdlKR7zSnf
Bhalobasha Baki,Popeye Bangladesh,0AEhTnH1nR8zJ2d3iwQyM3
Morron Iccha,Popeye Bangladesh,7qDBGtbzTU480J25m6Y30m
Ei Tumi Ke ?,Popeye Bangladesh,6XEtpWGKnr6IH5ReUzKCgo
Shondha Raate,Popeye Bangladesh,1DtlqCuqT8AIM4vpGkqtCT
Tumi Shobi,Popeye Bangladesh,4Rjbf47OXrj3MnE5yIRmi8
Raater Kotha,Popeye Bangladesh,5mniAsFIKhcnxoQAYX83OL
Notun Shurjo,Popeye Bangladesh,36u9RtM8QGTlxZCZcjZ2wn
Amar Shorgo,Popeye Bangladesh,5uC2Tf9i53i95E1yU2kl4U
Bachcha Haati,Popeye Bangladesh,7iqhJJb9yhgXo7lJQTwSR1
Odekha Alo,Popeye Bangladesh,4KZVZAUS2pruXR9BvwBYuE
Oparthib,Popeye Bangladesh,2uXbtZAOyS332aw5trt17s
Tri,Popeye Bangladesh,0OGWZNCkJobsyEmzAwJk9n
Shobuj Kolponay,AvoidRafa,3NYzNj60Z3q74uFYEBxuKr
Bhaar,AvoidRafa,0iJYhie2GmJdryvsjG50vm
Koshto,AvoidRafa,43lugOc2K5cCzaoacUu0TO
Bangladesher Nam,AvoidRafa,3S3CtUdn4PeMheAjFo5Z4p
Shopno Dekhar Gaan,AvoidRafa,0VwjiTKYsXKAPxBVY1gJcn
Odbhuture Tumi,AvoidRafa,4aGpo3XumvqhdMRTTqhtYV
Ondho Jibon,AvoidRafa,7oq3aDXdmXYREnKbBRaFwP
Chader Gaye Chad,AvoidRafa,6DG6SZ4nxb74L2ejZkMecq
Economic Hitman - Extended,AvoidRafa,3499n5wZueAtJovjdoDEat
Liberty,AvoidRafa,0YR6A8wg5a0DdrZP0nLPFu
Declaration of Dependence,AvoidRafa,54lptUQ1aVhpQD3IKvOUAJ
LikenShare,AvoidRafa,62qgNy4tzgGAMgNQqZZQRk
Cholo Arekbar Uri,AvoidRafa,6BnrcE0vfX8ZcjpcXxRaoo
Char Dewal,AvoidRafa,6KP6GRBsgkXCLgbieEPn3I
Har Kala,AvoidRafa,46MZZK2QPFjPOS22n5W6T1
A Shundor Prithiby,AvoidRafa,73LNIdiE4DI8pBLEPFzqLi
Roktim Itihash,AvoidRafa,0MoO04ImSIj5vWywD7w8lM
Ami Akash Pathabo,AvoidRafa,62NkP9pkOw6y2B25pokMMQ
Mon Tore,AvoidRafa,0C8F0kbqEhvW8lKoADe1gi
Tobu Keno,AvoidRafa,31dd9TIKIqSFQZxrevtmFA
Shobhbhotar Khela,AvoidRafa,7BO3lBIIuxbMmpDYeikhJd
Bujhe Na Bujhe,AvoidRafa,0FWmRjraRmR6KiERSM2780
Tumi Daklei Phirbo,AvoidRafa,2CEJzcrgxjXbfx2AECRLnT
Shob Mitthe Shotto Noy,AvoidRafa,35Ax0Tx494tTcuuNe8wIp2
Shohore Notun Gaan,AvoidRafa,53AHcrWijuzSMUB6eOY34m
Mainkar Chipay,AvoidRafa,58HZsazyRKIydtSnTad43w
Mainkar Chipay,AvoidRafa,58HZsazyRKIydtSnTad43w
মধ্যবিত্তের প্রেম কি পাপ,Bangla Song,7oXLMw50Wnc8dIc7RsZert
বারন করলেও ভালবাসবো,Bangla Song,4OVMiyqWTuiv1Ia0eab8zi
আমার বন্ধু চিকন কালিয়া,Bangla Song,3P4Bd49mTXFhO6yNsUWJqf
প্রথম ব্রেকাপের কষ্ট,Bangla Song,23rxuAu4WP0npqcQBx6yut
স্কুলের প্রথম প্রেম,Bangla Song,0oq8rBziIM9FwhT1HBlsJo
তেজী পোলা আমার হেব্বি পছন্দ,Bangla Song,4FDCRbm4ms2JYw7L1rqhaU
Golpo Na,Ahmed Hasan Sunny,59QEaVmGb9B9M2AT5185UX
Amra Hoyto,Ahmed Hasan Sunny,6by487U3GzkulL1OZsaTne
Tumi Ki Jante,Ahmed Hasan Sunny,23kmfjbh1nffQjj2iEvZpF
E Hridoy,Ahmed Hasan Sunny,01QUMRbzmdPZxLLvrJw7jN
E Hridoy 2,Ahmed Hasan Sunny,5uKv5dyXz5NHLYnmg3WP18
Shohorer Gaan,Ahmed Hasan Sunny,72LWEJZeu11XbU19QDoKWJ
Ek Din Ek Raat,Ahmed Hasan Sunny,1mthqVY94Qc92cHwJKvoBS
Local Premer Gaan,Ahmed Hasan Sunny,0eZhaQCf8RFPWnIZqHIvTB
Ke Ar Bajate Pare,Ahmed Hasan Sunny,2YnsxTdrzwCvMNNrkNQYJV
Anondo Bhoirobi,Ahmed Hasan Sunny,5KyMknfM19uwFHEmUqwn0V
Amare Uraia Dio,Ahmed Hasan Sunny,1VTUB2viNc781f0QbIOjol
Shob Plastic er Putul,Ahmed Hasan Sunny,7vC4CVe0Nf9gXkCfGqVihB
Obosheshe,Bappa Mazumder,59TFq1iw9FZStlvB2eecYr
Dhulo Pora Chithi,Bappa Mazumder,5xItc3wIDw3dSef7HZ0iHZ
Ghum,Bappa Mazumder,6Z4wPZj6IeCYkUV0bhbNIi
Bohudin Por,Bappa Mazumder,735l0lc67LU6qrWvPWxIPA
Pori,Bappa Mazumder,43xVRjR8tiEtoIBL1VjQhv
Khola Daak,Bappa Mazumder,2UuhZxFPihWUW21ipjOst9
Prithibi,Bappa Mazumder,1cAprgzHyRqPbSwyqNGvJh
Shobdohin,Bappa Mazumder,13aU89xpV9AucnctlmBuV5
Kokhono Ichchey Hoy,Bappa Mazumder,4oMGtM4ljB53z7TwuNs1L9
Bondhu,Bappa Mazumder,6u7R5NPMbQ0Tw6wmhEeAa4
Ayna Chiruni,Bappa Mazumder,0e5aDGDuq8CKBa8BqRAVL7
Bhalobasha,Bappa Mazumder,6IRHgyml9tlTbCrguk8AuX
Shopno,Bappa Mazumder,4ObzrKvNAyl4Zim1rFQp5g
Anondodhara,Bappa Mazumder,6kUljmjnetRIERCSOdHWUN
Gari Choley Na,Sanjeeb Chaudhury,1AoYBKL6d5tzfVvmGKUHU4
Bazzi,Sanjeeb Chaudhury,5Iiguiwqylo8WTxc1tEuSK
Nouka Bhramon,Sanjeeb Chaudhury,2I56a7qrrQ0LqPB2Tz6tk8
Chader Jonno Gaan,Sanjeeb Chaudhury,7xdsDE7FmiqNptO6DvNp4O
Joler Dame,Sanjeeb Chaudhury,2V0CrkfAw7t9K5GrkRSqIl
Tomakeye Boley Debo,Sanjeeb Chaudhury,4lQKJdH9m6VDLfXgM7lrTX
Amar Santan,Sanjeeb Chaudhury,2lpDIfNKjgKyalxA5kVgiK
Sobuj Jokhon,Sanjeeb Chaudhury,3PXUxwrFNsPAXp8ehZ250U
Gachh,Sanjeeb Chaudhury,2asayAKO7OzzuDsBcUPu3L
Bristy,Sanjeeb Chaudhury,2ahNDwdAHfPOGoY7oQUFic
Bangla Wedding Mashup,Rangan Riddo,3LA8P0PfKX5Wmf6wO4WJ4G
O Pola Re,Rangan Riddo,4inYaY9hXYaSp0mjy9vD2T
Palonko Sajailam Go,Samz Vai,5PEuPk3NR4GbZXcvulQvWs
Tumi Purnimari Alo,Samz Vai,67zSHcJ9IBwq5p3QFu74kp
Tor Hobo Bole,Rangan Riddo,0Xgd0N7GeafCbMzzP3YGie
Bangla Dance Mashup,Parag Biswas,78q3fZ7b3geREzBDutapkx
"Ekla Khilan_(From""Rish"")",Rupam Islam,524AEBpmmsW6UJLu95F9cx
"Chandrasaho Bangshidaro_(From""Jhumura)",Rupam Islam,1MbaLTce1tid5XQ2PWvOGu
"Pichgola Rastai_(From""Ek Phali Rod"")",Rupam Islam,5O3iOc3zHB8ob6KIecw5r7
"Hajar Squarefeete Swapner Bari_(From""Ek Phali Rod"")",Rupam Islam,4lgtILbpSii2o34AT23KjB
"Tap Barche Chaap Barche_(From""Promotion"")",Rupam Islam,5K7FpEQ7JXsGAsbb8RhpN2
"Eka Eka Dinta_(From""Phaans"")",Rupam Islam,7v803Znryf4X5GG5iZhPlb
"Chhutche Eka E Mon_(From""Annyo Naa"")",Rupam Islam,41V7Gzk3X4K0u3I3XcJWZg
"Kuyasha Chadorey Dhaka_(From""Masoom"")",Rupam Islam,0iSfj0yODs36bcPnnBCOAf
"Kagoje Mogoje_(From""Window Connection"")",Rupam Islam,6aeHDc7SQkGxWMpjVe2Egd
"Soriye Raat Jege othe_(From""Target Kolkata"")",Rupam Islam,4LDIhPPfDr9QrKWWMNr4YK
"Janla_(From""Chaya Manush"")",Rupam Islam,1iI4FLBDenCgGrWSeUwlwY
"It's Basanto _(From""It's Basanto "")",Rupam Islam,7wQTigPHFeFssfd9vFaZi1
"Chena Chena Mukh_(""Aamar Aami"")",Rupam Islam,1Ls9HBB3OdWz4zs3pl2iBd
